# sha256	size	path: files of Boniato1_triage.zip (sha256 21516ee623011ccee1dfe81f54d9793431820bcb3e6d1589e00f17b5702e17da)
2be4105144b6b1f9538ea6fa24872de0dfc9b7bdc1d9b6f304adf8a0c675a66f	115497	BONIATO1_20170520_180741/BONIATO1_20170520_180741_File_Hashes.txt
890bcb0a0994af662fac6b132f07a8547b0ea7ee9975a6284a43a2dd5806492c	17883	BONIATO1_20170520_180741/BONIATO1_20170520_180741_Processing_Details.txt
9160acaf576927cbfebb00b0e4300699bd339f395dece87528b7f14002397467	630	BONIATO1_20170520_180741/LiveResponseData/BasicInfo/DiskDriveList_wmic.txt
7fe7fb7c4ca2020ef7354cca0e2516577bd47f411917236ca680597ad9a14b14	11631586	BONIATO1_20170520_180741/LiveResponseData/BasicInfo/Full_file_listing.txt
b7e7efbe3edf131df7cdec52c96da5461b928a7d268aa9f2a251398c51777093	11098	BONIATO1_20170520_180741/LiveResponseData/BasicInfo/Hashes_md5_Startup_and_Dates.txt
5ac6f0c050b4c66d7fffe773864c7459f255411ff3a2a56af4ccb61df6d726d3	1636244	BONIATO1_20170520_180741/LiveResponseData/BasicInfo/Hashes_md5_System32_AllFiles_and_Dates.txt
e3b0c44298fc1c149afbf4c8996fb92427ae41e4649b934ca495991b7852b855	0	BONIATO1_20170520_180741/LiveResponseData/BasicInfo/Hashes_md5_System_TEMP_AllFiles_and_Dates.txt
501311faa79b7cda9411eb5d222600d0e1b721c9430ad7adf77057025d6f7383	2853	BONIATO1_20170520_180741/LiveResponseData/BasicInfo/Hashes_md5_User_TEMP_AllFiles_and_Dates.txt
aeb35dc4f422726da35106dff925c0525752a5004dc0c3a358f9f9d35e4ff877	13498	BONIATO1_20170520_180741/LiveResponseData/BasicInfo/Hashes_sha256_Startup_and_Dates.txt
53749c6b76990fc65daabd02320796ce4c3efd027fed52c2b1f27c7d8b35286c	2043092	BONIATO1_20170520_180741/LiveResponseData/BasicInfo/Hashes_sha256_System32_AllFiles_and_Dates.txt
e3b0c44298fc1c149afbf4c8996fb92427ae41e4649b934ca495991b7852b855	0	BONIATO1_20170520_180741/LiveResponseData/BasicInfo/Hashes_sha256_System_TEMP_AllFiles_and_Dates.txt
019be938d2e6e421c84d9acc5eb37a87a017044d10d6478cd02e58951ae2f3ca	3493	BONIATO1_20170520_180741/LiveResponseData/BasicInfo/Hashes_sha256_User_TEMP_AllFiles_and_Dates.txt
991d3d42e81fe5745b39e1f478d8119c1b8a6f2cd88a781266e3a264e6d91ad8	4594	BONIATO1_20170520_180741/LiveResponseData/BasicInfo/Installed_software_wmic.txt
b71465715127adc527e0fdfe8819f2189004dff655e4623b0644d8cc2dbcdda0	122708	BONIATO1_20170520_180741/LiveResponseData/BasicInfo/LastActivityView.html
e080481a0c7b0123abb552537948f5ca571e8912ae3556780d09397a7631fcde	15292	BONIATO1_20170520_180741/LiveResponseData/BasicInfo/List_hidden_directories.txt
e4f4f77d002d23c7d6128456194bf9394151141825534a39b112ac754c6ddafd	204154	BONIATO1_20170520_180741/LiveResponseData/BasicInfo/Loaded_system_drivers_wmic.txt
a6a0b40ece1e0fbd23a4a47ffbf44ba9c2148771d2b297dd7fd862f1d69e642b	122	BONIATO1_20170520_180741/LiveResponseData/BasicInfo/LogicalDisk_name_wmic.txt
47b8f1e8d9bd109de1917f94a16bce3d5025e080f637fe9dbc8b0d5aa07493f8	318	BONIATO1_20170520_180741/LiveResponseData/BasicInfo/LogicalDisk_size_caption_wmic.txt
e3b0c44298fc1c149afbf4c8996fb92427ae41e4649b934ca495991b7852b855	0	BONIATO1_20170520_180741/LiveResponseData/BasicInfo/Possible_unicode_files_and_directories.txt
e6aab521f305672786dbdbb68c81873b1bc9d5272e5e7a9cf20a9e1d60635447	343	BONIATO1_20170520_180741/LiveResponseData/BasicInfo/PrcView_extended.txt
689ba6cd3dfbfa82bf36e614c577330a83b524447894a0aa7bab9a9caa2e07e0	596	BONIATO1_20170520_180741/LiveResponseData/BasicInfo/PrcView_extended_long.txt
26bf8648f2aa15d1a8b789d56ebef9ac354558664292e9b00b8111ba20c0a8cd	4196	BONIATO1_20170520_180741/LiveResponseData/BasicInfo/PsList.txt
aedce5bde0272169cea937b7463ffec47c0681e2732e2391343bfc94323aebb9	121	BONIATO1_20170520_180741/LiveResponseData/BasicInfo/PsLoggedon.txt
fbfe8ebebf629e830cb0db28a20b8af5d704b8ca448937444955eeea99570d59	697961	BONIATO1_20170520_180741/LiveResponseData/BasicInfo/PsLoglist.txt
a347726e5bc292fb8da219746f817990bf43cd60b76035ff8f0d0566a5605127	12245	BONIATO1_20170520_180741/LiveResponseData/BasicInfo/Running_processes.txt
e924793717a73ed5c68cd677561db05d27f1acf1d85a09f87b577d54ca3299d3	40	BONIATO1_20170520_180741/LiveResponseData/BasicInfo/Windows_Version.txt
c2cd9b808c4b4e2ebaea66a0c6607299b64ff0457cd93e0aca5426bd87263ca3	31	BONIATO1_20170520_180741/LiveResponseData/BasicInfo/Windows_codepage.txt
c0c69f66d9c5b86a332e2cd42fbd715751abaec754bf88151305c2adc5cac97e	39	BONIATO1_20170520_180741/LiveResponseData/BasicInfo/psfile.txt
fda7aa455232bafd886e28d258fc7f5bc089736346187a40db8261f7017b7b70	646	BONIATO1_20170520_180741/LiveResponseData/BasicInfo/psinfo.txt
f28155cd00e08177e5a46c67cf0e320091d6daf9be9584d58e4e7bd0b5d93da5	318	BONIATO1_20170520_180741/LiveResponseData/BasicInfo/system_date_time_tz.txt
cdd1e76c1a5d0885ca1a496032dd771368b3a7f2813b06e5c90cc396ac4cc274	2969	BONIATO1_20170520_180741/LiveResponseData/BasicInfo/system_info.txt
ab676b2caa147246f9c303f7271bb635ec42de60a52ec440cf05ab14e84aab0c	610	BONIATO1_20170520_180741/LiveResponseData/BasicInfo/system_info_wmic.txt
002627dc12c60fe28102a5bf6bd1d555b81e0026b1902cb40cb2e7a00409ae49	1118208	BONIATO1_20170520_180741/LiveResponseData/CopiedFiles/eventlogs/Logs/Application.evtx
633815ae0aa17b3de5e99807a7a4c73a6c9958e0a2fe7c67c6570f29505029db	12288	BONIATO1_20170520_180741/LiveResponseData/CopiedFiles/eventlogs/Logs/DebugChannel.etl
b790c872a389511da32f190adf66f301283c86a7acbbbfcfe154c70858fae70d	69632	BONIATO1_20170520_180741/LiveResponseData/CopiedFiles/eventlogs/Logs/HardwareEvents.evtx
c4d587c8e5d8ca330c9ef0953ef6d42826e53ca7ed82a2c14245b0588775b535	69632	BONIATO1_20170520_180741/LiveResponseData/CopiedFiles/eventlogs/Logs/Internet Explorer.evtx
1856359b0e5585bbd50d40b910cf8685a8154f6355583d5a356cdf57e0c40aa0	69632	BONIATO1_20170520_180741/LiveResponseData/CopiedFiles/eventlogs/Logs/Key Management Service.evtx
8c94d84d871cf7563157bf8095acd42be55144634272508b375641ff42f317d9	69632	BONIATO1_20170520_180741/LiveResponseData/CopiedFiles/eventlogs/Logs/Media Center.evtx
3c2dd7517e0cbb6f8f20ddf54c73aa253cfb1a7d372179e181651a7eb8b37a61	69632	BONIATO1_20170520_180741/LiveResponseData/CopiedFiles/eventlogs/Logs/Microsoft-Windows-API-Tracing%4Operational.evtx
ad644c09ab20be9c025238b56cab1d4b8c40c2bc929eac799a1683f0b2b44a94	69632	BONIATO1_20170520_180741/LiveResponseData/CopiedFiles/eventlogs/Logs/Microsoft-Windows-AppID%4Operational.evtx
7840114b644438df59d7e82f10d96f0f05e8c5a2fbf4d7963d44db87cf280211	69632	BONIATO1_20170520_180741/LiveResponseData/CopiedFiles/eventlogs/Logs/Microsoft-Windows-AppLocker%4EXE and DLL.evtx
0c67fc358678c0f1c8e51760c5dbf5894990dd4fe96e12b418a79fb075aaf90e	69632	BONIATO1_20170520_180741/LiveResponseData/CopiedFiles/eventlogs/Logs/Microsoft-Windows-AppLocker%4MSI and Script.evtx
521ebf311f7846727ec39a240c06587c338cd7bbd79a5fca2da06fd2441aa3cc	69632	BONIATO1_20170520_180741/LiveResponseData/CopiedFiles/eventlogs/Logs/Microsoft-Windows-Application Server-Applications%4Admin.evtx
5632e72949236403b4239b981abd5e649f6adbd65ef255492b5f1ab5b0f31e07	69632	BONIATO1_20170520_180741/LiveResponseData/CopiedFiles/eventlogs/Logs/Microsoft-Windows-Application Server-Applications%4Operational.evtx
e936ebcb8cdd78bda2c3a5b96f1b1033c0524c6466547d3c1601c282c54d0457	69632	BONIATO1_20170520_180741/LiveResponseData/CopiedFiles/eventlogs/Logs/Microsoft-Windows-Application-Experience%4Problem-Steps-Recorder.evtx
4911c864922575183e8ca418f2e21b944cdc463f881b5effb6a71f97b875c23f	69632	BONIATO1_20170520_180741/LiveResponseData/CopiedFiles/eventlogs/Logs/Microsoft-Windows-Application-Experience%4Program-Compatibility-Assistant.evtx
6ffadcf7446b2366e23d58a694e021a4e2a5abe1139e7e01a8eecb63eb039350	69632	BONIATO1_20170520_180741/LiveResponseData/CopiedFiles/eventlogs/Logs/Microsoft-Windows-Application-Experience%4Program-Compatibility-Troubleshooter.evtx
86ef794f720c0c23e0076251db0ef207c4f73c4c5b30df3738de5063bcd7f324	69632	BONIATO1_20170520_180741/LiveResponseData/CopiedFiles/eventlogs/Logs/Microsoft-Windows-Application-Experience%4Program-Inventory.evtx
e28d77f470022c61b8c79ef16f3acbcd4eab9a7c3e2ee73c363de4c4f312f877	69632	BONIATO1_20170520_180741/LiveResponseData/CopiedFiles/eventlogs/Logs/Microsoft-Windows-Application-Experience%4Program-Telemetry.evtx
450a850888b5f9be2a6689951dab7f1bd49583c1f4117ddfe687bd10947c6d47	69632	BONIATO1_20170520_180741/LiveResponseData/CopiedFiles/eventlogs/Logs/Microsoft-Windows-Audio%4CaptureMonitor.evtx
bad2a32f91bd58d119a4c6f8a01547a65f98cd3861a48aeb5025b8f699bd4e3e	69632	BONIATO1_20170520_180741/LiveResponseData/CopiedFiles/eventlogs/Logs/Microsoft-Windows-Audio%4Operational.evtx
c446f1bc3d9c1ed1f5744c8b8fe30d899508f1c9e402ce64d70d546e3b7e08c6	69632	BONIATO1_20170520_180741/LiveResponseData/CopiedFiles/eventlogs/Logs/Microsoft-Windows-Authentication User Interface%4Operational.evtx
793d15216f2d4af2476495fde384c6ff2e845193cdc39aade3fec912d7a2d133	69632	BONIATO1_20170520_180741/LiveResponseData/CopiedFiles/eventlogs/Logs/Microsoft-Windows-Backup.evtx
f89b88e0473af1c7e73d187b6fe4bbca3d611c97426da25cf608ae52e28f9537	69632	BONIATO1_20170520_180741/LiveResponseData/CopiedFiles/eventlogs/Logs/Microsoft-Windows-BitLocker-DrivePreparationTool%4Admin.evtx
c3325f552920bfc11db4f9b44d9bdc41fa6732a9191f8bcd595e637343677074	69632	BONIATO1_20170520_180741/LiveResponseData/CopiedFiles/eventlogs/Logs/Microsoft-Windows-BitLocker-DrivePreparationTool%4Operational.evtx
6f285e30889cb694a6028f97e11ea3e99be64b4f7fb3d966a36ac895713640ac	69632	BONIATO1_20170520_180741/LiveResponseData/CopiedFiles/eventlogs/Logs/Microsoft-Windows-Bits-Client%4Operational.evtx
cbb35a8957eedc441e1a5e2091e73e30a473df4f31563cac6f16b59fa039e502	69632	BONIATO1_20170520_180741/LiveResponseData/CopiedFiles/eventlogs/Logs/Microsoft-Windows-Bluetooth-MTPEnum%4Operational.evtx
284f80b0d9d78835d49d51ce6486d38b083a2f1c97fe00000e83146715c90108	69632	BONIATO1_20170520_180741/LiveResponseData/CopiedFiles/eventlogs/Logs/Microsoft-Windows-BranchCache%4Operational.evtx
92a3b9c79106a42b7db02a378055dc91f056528fe42e7db2f54abc2099eebe89	69632	BONIATO1_20170520_180741/LiveResponseData/CopiedFiles/eventlogs/Logs/Microsoft-Windows-BranchCacheSMB%4Operational.evtx
6a3452b2413751d85079921f552e83f388974de3181c22314e7aad6a0b82e43b	69632	BONIATO1_20170520_180741/LiveResponseData/CopiedFiles/eventlogs/Logs/Microsoft-Windows-CAPI2%4Operational.evtx
397ec8826c49c80437483c84fb2e5a0df6de552c790a1079802bab40a3baa331	69632	BONIATO1_20170520_180741/LiveResponseData/CopiedFiles/eventlogs/Logs/Microsoft-Windows-CodeIntegrity%4Operational.evtx
e01eabb33bf83d6d11842795e0ce244938f6df9aed2ca14f7d3e37d70065f599	69632	BONIATO1_20170520_180741/LiveResponseData/CopiedFiles/eventlogs/Logs/Microsoft-Windows-CorruptedFileRecovery-Client%4Operational.evtx
a4977282f32428fa50fa1be2de8a3296027c890f5a103d16cc1336c089fc9172	69632	BONIATO1_20170520_180741/LiveResponseData/CopiedFiles/eventlogs/Logs/Microsoft-Windows-CorruptedFileRecovery-Server%4Operational.evtx
8790f458eccea4bfb2aba09ea0ff876c73dd2959fab709c2af012f0a43b45f14	69632	BONIATO1_20170520_180741/LiveResponseData/CopiedFiles/eventlogs/Logs/Microsoft-Windows-DSC%4Admin.evtx
95b639ff77f0c6d17a018f7bfcee0a46076f65173b74a93defa7602b40fad8dc	69632	BONIATO1_20170520_180741/LiveResponseData/CopiedFiles/eventlogs/Logs/Microsoft-Windows-DSC%4Operational.evtx
2977436714eb389eaaf6e59ee0b3558432a8a8433e8cc8a3ecd124217b130c1b	69632	BONIATO1_20170520_180741/LiveResponseData/CopiedFiles/eventlogs/Logs/Microsoft-Windows-DateTimeControlPanel%4Operational.evtx
975742b818e6b4e3b75baa4a93dd2c7ffe68d6f3e8723577e04aeca988e3d494	69632	BONIATO1_20170520_180741/LiveResponseData/CopiedFiles/eventlogs/Logs/Microsoft-Windows-DeviceSync%4Operational.evtx
918dfd9aa20adb7a7220479206e17ae911c54f3c1f9bb166af3d2292e31237c9	69632	BONIATO1_20170520_180741/LiveResponseData/CopiedFiles/eventlogs/Logs/Microsoft-Windows-Dhcp-Client%4Admin.evtx
a8fba85a5774b95b8aaf35a14cbc69e1946d0c111575acb460243a0febf95a88	69632	BONIATO1_20170520_180741/LiveResponseData/CopiedFiles/eventlogs/Logs/Microsoft-Windows-DhcpNap%4Admin.evtx
9c18e85db43ec6ded55476f005c3e429527234fab0aa199e8aff372ab2f56666	69632	BONIATO1_20170520_180741/LiveResponseData/CopiedFiles/eventlogs/Logs/Microsoft-Windows-Dhcpv6-Client%4Admin.evtx
c94a78a83726664da237001ba19bf7cfe08af18ab8033a33a12ff9e39a054ef2	69632	BONIATO1_20170520_180741/LiveResponseData/CopiedFiles/eventlogs/Logs/Microsoft-Windows-Diagnosis-DPS%4Operational.evtx
b790c872a389511da32f190adf66f301283c86a7acbbbfcfe154c70858fae70d	69632	BONIATO1_20170520_180741/LiveResponseData/CopiedFiles/eventlogs/Logs/Microsoft-Windows-Diagnosis-PCW%4Operational.evtx
33e5a140a2b1a3525fe37cfefdd1470389fc2f552c984881fc80fc3cd4e5bed2	69632	BONIATO1_20170520_180741/LiveResponseData/CopiedFiles/eventlogs/Logs/Microsoft-Windows-Diagnosis-PLA%4Operational.evtx
c75b5ebe64d46ad2b00b1dbee996239fb71d9d845bc62523842baec1f8d64e6b	69632	BONIATO1_20170520_180741/LiveResponseData/CopiedFiles/eventlogs/Logs/Microsoft-Windows-Diagnosis-Scheduled%4Operational.evtx
523a151f1aeab59e4b22e6ac26457f01593f992b0b29c1ff5ce49a57f331d0a1	69632	BONIATO1_20170520_180741/LiveResponseData/CopiedFiles/eventlogs/Logs/Microsoft-Windows-Diagnosis-Scripted%4Admin.evtx
ba2d38945a3da0bb4d18715dc80eb3d527bfa5e6dedd8a4767d1ca29e0210185	69632	BONIATO1_20170520_180741/LiveResponseData/CopiedFiles/eventlogs/Logs/Microsoft-Windows-Diagnosis-Scripted%4Operational.evtx
b790c872a389511da32f190adf66f301283c86a7acbbbfcfe154c70858fae70d	69632	BONIATO1_20170520_180741/LiveResponseData/CopiedFiles/eventlogs/Logs/Microsoft-Windows-Diagnosis-ScriptedDiagnosticsProvider%4Operational.evtx
94f85f5e6be91fde3aa06e183db0186af98280a845097ae0a2ea24f50f67b85a	69632	BONIATO1_20170520_180741/LiveResponseData/CopiedFiles/eventlogs/Logs/Microsoft-Windows-Diagnostics-Networking%4Operational.evtx
3debceba2d08bda6d19f4059ef8677be9d7d3fa0d036bfb21d1ea1d02c64510c	69632	BONIATO1_20170520_180741/LiveResponseData/CopiedFiles/eventlogs/Logs/Microsoft-Windows-Diagnostics-Performance%4Operational.evtx
da0d84e2a53c1652f6790ef3427ed5802cb03ba1651ab3ed77dfc2f38ff7d081	69632	BONIATO1_20170520_180741/LiveResponseData/CopiedFiles/eventlogs/Logs/Microsoft-Windows-DiskDiagnostic%4Operational.evtx
1ec8cc112d81bc4a7ce702cea2b4ae1ad76194169061fda4cd23ef09fae8d1d7	69632	BONIATO1_20170520_180741/LiveResponseData/CopiedFiles/eventlogs/Logs/Microsoft-Windows-DiskDiagnosticDataCollector%4Operational.evtx
37720c1a14ef0be39d4e9cf76abab754bd8a06ecce5ebbf4dd85467942319b31	69632	BONIATO1_20170520_180741/LiveResponseData/CopiedFiles/eventlogs/Logs/Microsoft-Windows-DiskDiagnosticResolver%4Operational.evtx
5c010c3e04dddce1bc63a11cacbd6aee8c414dd7f21a0767015487ab5e6b4523	1052672	BONIATO1_20170520_180741/LiveResponseData/CopiedFiles/eventlogs/Logs/Microsoft-Windows-DriverFrameworks-UserMode%4Operational.evtx
2504d2b1e7852fd75c7c8544c140e7169ee85ddae1eeaf22f0e81a70288b363b	69632	BONIATO1_20170520_180741/LiveResponseData/CopiedFiles/eventlogs/Logs/Microsoft-Windows-EapHost%4Operational.evtx
3a7b27bebf0c6bfeb7aaabc20188870e08bd22e1585aec5bc7582f9842937152	69632	BONIATO1_20170520_180741/LiveResponseData/CopiedFiles/eventlogs/Logs/Microsoft-Windows-EventCollector%4Operational.evtx
070883a3fc0332850459b8b398a8f9883ff05991e4fbf5832ede79031db11569	69632	BONIATO1_20170520_180741/LiveResponseData/CopiedFiles/eventlogs/Logs/Microsoft-Windows-FMS%4Operational.evtx
ec91403c8c77a78f8c57aaff8397c5865aee9589f034edb8d86ed187a0534a20	69632	BONIATO1_20170520_180741/LiveResponseData/CopiedFiles/eventlogs/Logs/Microsoft-Windows-Fault-Tolerant-Heap%4Operational.evtx
274d38f8a1ec2eb7153f10702dd6a9eb606df6fb1423103c9be358978e853f73	69632	BONIATO1_20170520_180741/LiveResponseData/CopiedFiles/eventlogs/Logs/Microsoft-Windows-Folder Redirection%4Operational.evtx
e0963f0fce7ff9f282f05108bc53f3a97fe06bf6d724c5eb3ae644c069e98e16	69632	BONIATO1_20170520_180741/LiveResponseData/CopiedFiles/eventlogs/Logs/Microsoft-Windows-Forwarding%4Operational.evtx
749a3a33a1a304d8db701c399d22f72ebab26c4bde2a233dfe47af54fe2a30fc	1118208	BONIATO1_20170520_180741/LiveResponseData/CopiedFiles/eventlogs/Logs/Microsoft-Windows-GroupPolicy%4Operational.evtx
a470d2a61e6fdcca72e3183e61439e4365cab715345f080393e126ab1107b0ad	69632	BONIATO1_20170520_180741/LiveResponseData/CopiedFiles/eventlogs/Logs/Microsoft-Windows-Help%4Operational.evtx
572be7c14570d707e1f7d6a52a5d353f3911dfb8d5bb01d07b3ef915f188a933	69632	BONIATO1_20170520_180741/LiveResponseData/CopiedFiles/eventlogs/Logs/Microsoft-Windows-HomeGroup Control Panel%4Operational.evtx
9f0ba2530497c227f475b2cecfe1ce4ffa64823404aeea8851886368c5ae9d32	69632	BONIATO1_20170520_180741/LiveResponseData/CopiedFiles/eventlogs/Logs/Microsoft-Windows-HomeGroup Listener Service%4Operational.evtx
bf744ce1c4f94a8aa9cf290ccde1c5ca9f6700d1502b7f2d6d3f633c3a5af151	69632	BONIATO1_20170520_180741/LiveResponseData/CopiedFiles/eventlogs/Logs/Microsoft-Windows-HomeGroup Provider Service%4Operational.evtx
015332124e53e8411591fe7bc452043edd04fa2d87a4a17752f1cc8472d4213e	69632	BONIATO1_20170520_180741/LiveResponseData/CopiedFiles/eventlogs/Logs/Microsoft-Windows-IKE%4Operational.evtx
411e5788fb4654e5e6666af2ad072f4e8da07568f7521e4eb2f821524dce9266	69632	BONIATO1_20170520_180741/LiveResponseData/CopiedFiles/eventlogs/Logs/Microsoft-Windows-International%4Operational.evtx
86d18870f1960544406d23c49cdfb1907bd9dd3c8c5f5c6b92d099efd547ad9e	69632	BONIATO1_20170520_180741/LiveResponseData/CopiedFiles/eventlogs/Logs/Microsoft-Windows-International-RegionalOptionsControlPanel%4Operational.evtx
b5f49c94a807f0afadfe20efd6743bf9f7a53cee61a67ba0b40825dde9039f9c	69632	BONIATO1_20170520_180741/LiveResponseData/CopiedFiles/eventlogs/Logs/Microsoft-Windows-Iphlpsvc%4Operational.evtx
51849ce2d6a3286ca48c49402de5f8a1fea18e471d3ab1d80727c5b2bda29e2e	69632	BONIATO1_20170520_180741/LiveResponseData/CopiedFiles/eventlogs/Logs/Microsoft-Windows-Kernel-EventTracing%4Admin.evtx
b790c872a389511da32f190adf66f301283c86a7acbbbfcfe154c70858fae70d	69632	BONIATO1_20170520_180741/LiveResponseData/CopiedFiles/eventlogs/Logs/Microsoft-Windows-Kernel-Power%4Thermal-Operational.evtx
e8204f855acba753fd0d0939ea297c9720ef14f6cd12768d66b0040665215aef	69632	BONIATO1_20170520_180741/LiveResponseData/CopiedFiles/eventlogs/Logs/Microsoft-Windows-Kernel-StoreMgr%4Operational.evtx
ee99a1d7ab7411a8d5cac573bc0f0d4368d5d1abed0abe14b60d113e269cb85c	69632	BONIATO1_20170520_180741/LiveResponseData/CopiedFiles/eventlogs/Logs/Microsoft-Windows-Kernel-WDI%4Operational.evtx
04522e2253db0214c948363ebf360837ef9c55bb0e03db710ad3994324842053	69632	BONIATO1_20170520_180741/LiveResponseData/CopiedFiles/eventlogs/Logs/Microsoft-Windows-Kernel-WHEA%4Errors.evtx
1bf82771326a4f93633f304f4ed39f967184fd18f6f2c577e8fd9193cceac249	1052672	BONIATO1_20170520_180741/LiveResponseData/CopiedFiles/eventlogs/Logs/Microsoft-Windows-Kernel-WHEA%4Operational.evtx
40c7df0ea01faf3dd99fd8e05face86d7a64433c642901faa1ed26f6f2c4db66	69632	BONIATO1_20170520_180741/LiveResponseData/CopiedFiles/eventlogs/Logs/Microsoft-Windows-Known Folders API Service.evtx
483002224348a909755fba6766a46cf2117df607ad0b6aa13bc22abba05a4ca1	69632	BONIATO1_20170520_180741/LiveResponseData/CopiedFiles/eventlogs/Logs/Microsoft-Windows-LanguagePackSetup%4Operational.evtx
cd69cc995ba144d0d8ac38b0ae76fd11cb3dafb6b392fbb8c08539626a71713a	69632	BONIATO1_20170520_180741/LiveResponseData/CopiedFiles/eventlogs/Logs/Microsoft-Windows-MCT%4Operational.evtx
f4176c2530b486c5f4545c17b5a67f823c77a5a87621e8aab77c693fbea6da4f	69632	BONIATO1_20170520_180741/LiveResponseData/CopiedFiles/eventlogs/Logs/Microsoft-Windows-MUI%4Admin.evtx
d87ec97354490a997b261afc2f4a162c5b83a71ef21f70f59ee677340258def0	69632	BONIATO1_20170520_180741/LiveResponseData/CopiedFiles/eventlogs/Logs/Microsoft-Windows-MUI%4Operational.evtx
fe11e8d1f49fe27663c5fceed274535b126a1f99518b388a2b61bb10d258221b	69632	BONIATO1_20170520_180741/LiveResponseData/CopiedFiles/eventlogs/Logs/Microsoft-Windows-MemoryDiagnostics-Results%4Debug.evtx
92cc9ca31e5680a872b581b4166bb6af3366d40bad3dc4acc1e56dde59bc362e	69632	BONIATO1_20170520_180741/LiveResponseData/CopiedFiles/eventlogs/Logs/Microsoft-Windows-NCSI%4Operational.evtx
8c18db38cea43e71b0fc9b51d8a0e2d3884580a89e05cf4a975128f90d2fa495	69632	BONIATO1_20170520_180741/LiveResponseData/CopiedFiles/eventlogs/Logs/Microsoft-Windows-NTLM%4Operational.evtx
c4a4109cb416f23aecbe8c91c83ea906db16ea9ad24eed9bb798ea0769a8b464	69632	BONIATO1_20170520_180741/LiveResponseData/CopiedFiles/eventlogs/Logs/Microsoft-Windows-NetworkAccessProtection%4Operational.evtx
b65896006f7df3dab5535d7e818e18215925977bb81ec58e97a6853ca2697388	69632	BONIATO1_20170520_180741/LiveResponseData/CopiedFiles/eventlogs/Logs/Microsoft-Windows-NetworkAccessProtection%4WHC.evtx
5aa882e0a752b44d4d0dc94a3f0730c16368e9052b9731998e5dac03a744251d	69632	BONIATO1_20170520_180741/LiveResponseData/CopiedFiles/eventlogs/Logs/Microsoft-Windows-NetworkLocationWizard%4Operational.evtx
d3c0348f26fb55888f8ad836c9d95dba657b0ad18d02611d5264aef2005e069b	69632	BONIATO1_20170520_180741/LiveResponseData/CopiedFiles/eventlogs/Logs/Microsoft-Windows-NetworkProfile%4Operational.evtx
5ddb60bf18417ccccd18aaf580cea35fa53029522536982faf18008c554e6428	69632	BONIATO1_20170520_180741/LiveResponseData/CopiedFiles/eventlogs/Logs/Microsoft-Windows-NlaSvc%4Operational.evtx
fe1a840fda575685f800538e5c45eea8fe50352ead3a047b63110dd0f46cffcd	69632	BONIATO1_20170520_180741/LiveResponseData/CopiedFiles/eventlogs/Logs/Microsoft-Windows-OfflineFiles%4Operational.evtx
4d1b525824d5097406289dcc5c9c771f74cc185ca1994cd859d6bcaecdc5046b	69632	BONIATO1_20170520_180741/LiveResponseData/CopiedFiles/eventlogs/Logs/Microsoft-Windows-ParentalControls%4Operational.evtx
cdca7b2c29f71ca06968dfa39912f73d6ef90eabd4c9bee5fee7e0d46d86afbd	69632	BONIATO1_20170520_180741/LiveResponseData/CopiedFiles/eventlogs/Logs/Microsoft-Windows-PeopleNearMe%4Operational.evtx
4350e985358adcfc344d097d3592b57eed89ab220f5bf339d66dce3cbd188062	69632	BONIATO1_20170520_180741/LiveResponseData/CopiedFiles/eventlogs/Logs/Microsoft-Windows-PowerShell%4Admin.evtx
fb171f5dd972f3a03fc639105906f487b9f6bc21439325187d9ba100572c9a4f	9506816	BONIATO1_20170520_180741/LiveResponseData/CopiedFiles/eventlogs/Logs/Microsoft-Windows-PowerShell%4Operational.evtx
2418ce8ddcb3a537c7c45c48df9e2585c2f5b77babc561843f8160200c3f7019	69632	BONIATO1_20170520_180741/LiveResponseData/CopiedFiles/eventlogs/Logs/Microsoft-Windows-PowerShell-DesiredStateConfiguration-FileDownloadManager%4Operational.evtx
63c949f9f933747b14af07a304c6fe4c625d1f9c56cf13be7a950ea6477a727d	69632	BONIATO1_20170520_180741/LiveResponseData/CopiedFiles/eventlogs/Logs/Microsoft-Windows-PrintService%4Admin.evtx
5a3653f6fadb5925c6bee557921f58806a91e16bae469a88af2f1f68e79ddc1f	69632	BONIATO1_20170520_180741/LiveResponseData/CopiedFiles/eventlogs/Logs/Microsoft-Windows-ReadyBoost%4Operational.evtx
d158c375d510c1b1874dbc78bf89615fa065a173dfaef96068d2fd4395128a8c	69632	BONIATO1_20170520_180741/LiveResponseData/CopiedFiles/eventlogs/Logs/Microsoft-Windows-ReadyBoostDriver%4Operational.evtx
69c48f5a5acea7011f6dc8a5add63450c0c35726504182771b8805fbc529a9d2	69632	BONIATO1_20170520_180741/LiveResponseData/CopiedFiles/eventlogs/Logs/Microsoft-Windows-Recovery%4Operational.evtx
967015a38038b6f692cf7eafb145c0dce6c6d92d90cd59a4e17fe29636788cb3	69632	BONIATO1_20170520_180741/LiveResponseData/CopiedFiles/eventlogs/Logs/Microsoft-Windows-ReliabilityAnalysisComponent%4Operational.evtx
997a20aa95bd936836000783d818555eef748198b34dbc28989473dd4f9d3e68	69632	BONIATO1_20170520_180741/LiveResponseData/CopiedFiles/eventlogs/Logs/Microsoft-Windows-RemoteApp and Desktop Connections%4Admin.evtx
2e348416783ae13c860074df54a6575124f350d3b3e4f5dfd991917cd5123487	69632	BONIATO1_20170520_180741/LiveResponseData/CopiedFiles/eventlogs/Logs/Microsoft-Windows-RemoteAssistance%4Admin.evtx
c91a2f5f7d01ccc56d125360e3f4b312ef8117addf716e336cdc76190f84dac1	69632	BONIATO1_20170520_180741/LiveResponseData/CopiedFiles/eventlogs/Logs/Microsoft-Windows-RemoteAssistance%4Operational.evtx
d359df4f025375f197f7bd89bcd088ba89643029efb0080b41785d9d0344cfd6	69632	BONIATO1_20170520_180741/LiveResponseData/CopiedFiles/eventlogs/Logs/Microsoft-Windows-RemoteDesktopServices-RdpCoreTS%4Admin.evtx
e7b417898942360a592a70194a6658c6029950266db4047c13d8edf2680c1673	69632	BONIATO1_20170520_180741/LiveResponseData/CopiedFiles/eventlogs/Logs/Microsoft-Windows-RemoteDesktopServices-RdpCoreTS%4Operational.evtx
9eccf59a6119a477666a0c084036cb066c6df2d513b1cd57d7deb7763042399c	69632	BONIATO1_20170520_180741/LiveResponseData/CopiedFiles/eventlogs/Logs/Microsoft-Windows-Resource-Exhaustion-Detector%4Operational.evtx
29c72f650430098f364f62b287107cf08f20423b2e1ff616c0859996d6e43496	69632	BONIATO1_20170520_180741/LiveResponseData/CopiedFiles/eventlogs/Logs/Microsoft-Windows-Resource-Exhaustion-Resolver%4Operational.evtx
d4b0468236cc0aebd2d03c89ebbcbfeb2d260ca4cd45d8a3af8202cf3f15321e	69632	BONIATO1_20170520_180741/LiveResponseData/CopiedFiles/eventlogs/Logs/Microsoft-Windows-Resource-Leak-Diagnostic%4Operational.evtx
198ef6258d0222cfe1637834f80eb03ee80ca1a728583c9bbf7dbde0040bc3da	69632	BONIATO1_20170520_180741/LiveResponseData/CopiedFiles/eventlogs/Logs/Microsoft-Windows-RestartManager%4Operational.evtx
b9437ee779fa40c2d418ef42c5192ef29e1083673254d84f19a8640ff2be31b0	69632	BONIATO1_20170520_180741/LiveResponseData/CopiedFiles/eventlogs/Logs/Microsoft-Windows-Security-Audit-Configuration-Client%4Operational.evtx
3b5a5b3ac2e97bb37dd18e2bfcfe04c777fa29b62af74b002657007799c3dc41	67112960	BONIATO1_20170520_180741/LiveResponseData/CopiedFiles/eventlogs/Logs/Microsoft-Windows-Sysmon%4Operational.evtx
5ef2d4685cc1779d6161e521bee717674cf1d3cbf0a6a2efe05f7e7d62829088	69632	BONIATO1_20170520_180741/LiveResponseData/CopiedFiles/eventlogs/Logs/Microsoft-Windows-TZUtil%4Operational.evtx
5a3cb043b4d88dbb328eb9035612befd41b5d78637e7c869c3478c590bd0c90f	1118208	BONIATO1_20170520_180741/LiveResponseData/CopiedFiles/eventlogs/Logs/Microsoft-Windows-TaskScheduler%4Operational.evtx
d8c724cf77f69c779c66756cba29b641e976b42b44518a87e272e68362397302	69632	BONIATO1_20170520_180741/LiveResponseData/CopiedFiles/eventlogs/Logs/Microsoft-Windows-TerminalServices-ClientUSBDevices%4Admin.evtx
bd866cfcdc6d4465cdb5b8a3f473535135d8d4a18dbbe553c35812c077d478fe	69632	BONIATO1_20170520_180741/LiveResponseData/CopiedFiles/eventlogs/Logs/Microsoft-Windows-TerminalServices-ClientUSBDevices%4Operational.evtx
d2791f7d78fcb8b0875266b69053014d81d38cc75e031952cb4dade1adb9d1b4	69632	BONIATO1_20170520_180741/LiveResponseData/CopiedFiles/eventlogs/Logs/Microsoft-Windows-TerminalServices-LocalSessionManager%4Admin.evtx
df86beb8f75ee7d6f8049de911110a619560fa3a11c20932d2386ec77cdbf3cc	69632	BONIATO1_20170520_180741/LiveResponseData/CopiedFiles/eventlogs/Logs/Microsoft-Windows-TerminalServices-LocalSessionManager%4Operational.evtx
a3c7ad980642f137a5a34cc903c58fb872d157a36278841dfe45ec08535e23e1	69632	BONIATO1_20170520_180741/LiveResponseData/CopiedFiles/eventlogs/Logs/Microsoft-Windows-TerminalServices-PnPDevices%4Admin.evtx
5cef1903fe1a227deb1cf2b2c3249dcdc6ecb322b765c2fd7bfb5f8133b87533	69632	BONIATO1_20170520_180741/LiveResponseData/CopiedFiles/eventlogs/Logs/Microsoft-Windows-TerminalServices-PnPDevices%4Operational.evtx
72cc3949919d2a7aca26a5b815b458af06fcf33742d945e74c2f6b2dfd310239	69632	BONIATO1_20170520_180741/LiveResponseData/CopiedFiles/eventlogs/Logs/Microsoft-Windows-TerminalServices-RDPClient%4Operational.evtx
b27ba7bb21bf226c2438ffd123b8a83685dc664390eff2beaa717a4d4e731287	69632	BONIATO1_20170520_180741/LiveResponseData/CopiedFiles/eventlogs/Logs/Microsoft-Windows-TerminalServices-RemoteConnectionManager%4Admin.evtx
415f4c46680ee65e91072ec13641cfe653512d10c7a8dc5c9134a971aa35830a	69632	BONIATO1_20170520_180741/LiveResponseData/CopiedFiles/eventlogs/Logs/Microsoft-Windows-TerminalServices-RemoteConnectionManager%4Operational.evtx
0911bf0e94fa966c4ec92def213108bba8c881960038c3e26b88773a936723d8	69632	BONIATO1_20170520_180741/LiveResponseData/CopiedFiles/eventlogs/Logs/Microsoft-Windows-TerminalServices-ServerUSBDevices%4Admin.evtx
e65878f0b80ef87a1403feb714ef0953ca5273e1b4acaf5b891b2f47cae82e68	69632	BONIATO1_20170520_180741/LiveResponseData/CopiedFiles/eventlogs/Logs/Microsoft-Windows-TerminalServices-ServerUSBDevices%4Operational.evtx
2b9e6bb4a612bc94d32378339fcd51b17315fde8a3ffc34567f2799fde1e4699	69632	BONIATO1_20170520_180741/LiveResponseData/CopiedFiles/eventlogs/Logs/Microsoft-Windows-UAC%4Operational.evtx
808dd1db37ef16aa505d3e2249c1c0168280f495824d3c8c634a370691c9a5a9	69632	BONIATO1_20170520_180741/LiveResponseData/CopiedFiles/eventlogs/Logs/Microsoft-Windows-UAC-FileVirtualization%4Operational.evtx
ceda7d8ba869575fa3b57bf61353747ad5a80f05199443224bc9fa161fc5bdd4	69632	BONIATO1_20170520_180741/LiveResponseData/CopiedFiles/eventlogs/Logs/Microsoft-Windows-User Profile Service%4Operational.evtx
2cb39d4d58d47169b0cd4985d08e7e8935e0ef450862a42290cbd0e338e05905	69632	BONIATO1_20170520_180741/LiveResponseData/CopiedFiles/eventlogs/Logs/Microsoft-Windows-VDRVROOT%4Operational.evtx
1fb795c4c459f57ffe47e25fc45f905d90a30a785bf70126321cc4d3ca3e75bc	69632	BONIATO1_20170520_180741/LiveResponseData/CopiedFiles/eventlogs/Logs/Microsoft-Windows-VHDMP%4Operational.evtx
300e2053c5e0f5c061d047ff958160ce8a41ceddf2395a9e4d9bb83e3a670d0a	69632	BONIATO1_20170520_180741/LiveResponseData/CopiedFiles/eventlogs/Logs/Microsoft-Windows-WER-Diag%4Operational.evtx
8c7ba51a5be0a8653cc1dd6ef72bbfeac2335514628278af88e3940e15a43e99	69632	BONIATO1_20170520_180741/LiveResponseData/CopiedFiles/eventlogs/Logs/Microsoft-Windows-WFP%4Operational.evtx
971a200bc973e0e94b3da4d2fc83dc06faf748942dce6ae4605d364e9bf82f3b	69632	BONIATO1_20170520_180741/LiveResponseData/CopiedFiles/eventlogs/Logs/Microsoft-Windows-WLAN-AutoConfig%4Operational.evtx
32878d61eb42dd4d761b7d27295dafc662280dbca15683153b545c070103de61	1052672	BONIATO1_20170520_180741/LiveResponseData/CopiedFiles/eventlogs/Logs/Microsoft-Windows-WMI-Activity%4Operational.evtx
cb9fcb788c046df09df554d9e80bff5ff31c6362ee927bfdbefffa644f6bca05	69632	BONIATO1_20170520_180741/LiveResponseData/CopiedFiles/eventlogs/Logs/Microsoft-Windows-WPD-ClassInstaller%4Operational.evtx
4446c41ccc0c58029df0487a965b1365b0fe4f40cf10b0dee40374dd1e72811d	69632	BONIATO1_20170520_180741/LiveResponseData/CopiedFiles/eventlogs/Logs/Microsoft-Windows-WPD-CompositeClassDriver%4Operational.evtx
1f3e3053022f8d6d1f7068d6f3da063c3cd3eefbe7fc9fc058892399933483f5	69632	BONIATO1_20170520_180741/LiveResponseData/CopiedFiles/eventlogs/Logs/Microsoft-Windows-WPD-MTPClassDriver%4Operational.evtx
736a66b4dc345bc59d9980ed3632a720be40c4f9850966549bb8569eaca660f9	69632	BONIATO1_20170520_180741/LiveResponseData/CopiedFiles/eventlogs/Logs/Microsoft-Windows-WinRM%4Operational.evtx
b790c872a389511da32f190adf66f301283c86a7acbbbfcfe154c70858fae70d	69632	BONIATO1_20170520_180741/LiveResponseData/CopiedFiles/eventlogs/Logs/Microsoft-Windows-Windows Defender%4Operational.evtx
2e46d0d29b4d65fb8a8af365cc53e4d9ab50454d2bac5bfa57ee6ddb857bff63	69632	BONIATO1_20170520_180741/LiveResponseData/CopiedFiles/eventlogs/Logs/Microsoft-Windows-Windows Defender%4WHC.evtx
db7818b7b545ece42f66c9aa4dfef2ac3437a00a162c810ca780aba483cf9889	69632	BONIATO1_20170520_180741/LiveResponseData/CopiedFiles/eventlogs/Logs/Microsoft-Windows-Windows Firewall With Advanced Security%4ConnectionSecurity.evtx
6d82dbdf980a4ab96c9b5bed99972ca68dced879b1440b1246078fd5618c8695	1052672	BONIATO1_20170520_180741/LiveResponseData/CopiedFiles/eventlogs/Logs/Microsoft-Windows-Windows Firewall With Advanced Security%4Firewall.evtx
af016a7f68535d5fd77d88722654d2f22c66886b687f53ec3eb78410f838eb31	69632	BONIATO1_20170520_180741/LiveResponseData/CopiedFiles/eventlogs/Logs/Microsoft-Windows-WindowsBackup%4ActionCenter.evtx
d0130b9e01ca94d51e74c61dba25598518fcbd2acd6051365ac1576b9c106fd5	1052672	BONIATO1_20170520_180741/LiveResponseData/CopiedFiles/eventlogs/Logs/Microsoft-Windows-WindowsSystemAssessmentTool%4Operational.evtx
83592fe5736c2f9449c0666b5eb1b6e9b89b37986b3d7877d2d1b81fb2a51c39	69632	BONIATO1_20170520_180741/LiveResponseData/CopiedFiles/eventlogs/Logs/Microsoft-Windows-WindowsUpdateClient%4Operational.evtx
b790c872a389511da32f190adf66f301283c86a7acbbbfcfe154c70858fae70d	69632	BONIATO1_20170520_180741/LiveResponseData/CopiedFiles/eventlogs/Logs/Microsoft-Windows-Winlogon%4Operational.evtx
8a600310d113bce8bf95861e8c68afe97003d9d8e3be5538c2a9fa0ae50fdf5a	69632	BONIATO1_20170520_180741/LiveResponseData/CopiedFiles/eventlogs/Logs/Microsoft-Windows-Winsock-WS2HELP%4Operational.evtx
d9f9d0eb2dc3ed00fd93433d208323cc3c7106c26e3f836d192b0a022a49b340	69632	BONIATO1_20170520_180741/LiveResponseData/CopiedFiles/eventlogs/Logs/Microsoft-Windows-Wired-AutoConfig%4Operational.evtx
fb46f8d38c1d9a0afc9108b7d1227530403e049a320483d2742d070bbaec3cc8	69632	BONIATO1_20170520_180741/LiveResponseData/CopiedFiles/eventlogs/Logs/OAlerts.evtx
5dda44d9289692b75a9e77d2b1f933f34f685a7782a1ebd2204ebf8be00eb663	2166784	BONIATO1_20170520_180741/LiveResponseData/CopiedFiles/eventlogs/Logs/Security.evtx
2515ef91adafbc9aaea8b8aef56ab68cc88e3b8bf51624fd87b87fbe0692149f	69632	BONIATO1_20170520_180741/LiveResponseData/CopiedFiles/eventlogs/Logs/Setup.evtx
9e79ce3ffe316ea387c3a0c34c13bec8471a33e82cc2e2f901a10669741e71cc	1118208	BONIATO1_20170520_180741/LiveResponseData/CopiedFiles/eventlogs/Logs/System.evtx
59f02a573b3dda1c49771246769ed1ddce611fa7e76bd154107ca4799c3bc4d2	69632	BONIATO1_20170520_180741/LiveResponseData/CopiedFiles/eventlogs/Logs/ThinPrint Diagnostics.evtx
5b411c16ae6779fb883aa5965d259d868b8b21625aeb429dcf34bf1424929ac5	1118208	BONIATO1_20170520_180741/LiveResponseData/CopiedFiles/eventlogs/Logs/Windows PowerShell.evtx
b790c872a389511da32f190adf66f301283c86a7acbbbfcfe154c70858fae70d	69632	BONIATO1_20170520_180741/LiveResponseData/CopiedFiles/eventlogs/Logs/microsoft-windows-RemoteDesktopServices-RemoteDesktopSessionManager%4Admin.evtx
73702ab34ec166805dabb6cb66be96131fbabc73095c3f4a351150e9e7cadea3	524288	BONIATO1_20170520_180741/LiveResponseData/CopiedFiles/firefox/antonio/cookies/cookies.sqlite
97fde9fc7c8118db84b40068ce5d14ee317fdfee041c84e6c135c60e7ebadbb0	10485760	BONIATO1_20170520_180741/LiveResponseData/CopiedFiles/firefox/antonio/history/places.sqlite
1995e1d8e248bee3f2a6442c84a0a3492f8def5129ae5e8562be2fb99d79e2a3	524288	BONIATO1_20170520_180741/LiveResponseData/CopiedFiles/firefox/boniato/cookies/cookies.sqlite
b57a3b2c09212b9094b22da35b7b2d4fd12de5bbec5df91207d42aff780b89cd	10485760	BONIATO1_20170520_180741/LiveResponseData/CopiedFiles/firefox/boniato/history/places.sqlite
91170ead1735945f652155b9319770a4df6c76af69ffa071c89330783e1a0419	65581	BONIATO1_20170520_180741/LiveResponseData/CopiedFiles/forecopy_handy.log
2d6bdfb341be3a6234b24742377f93aa7c7cfb0d9fd64efa9282c87852e57085	824	BONIATO1_20170520_180741/LiveResponseData/CopiedFiles/hosts/hosts
835dcdd85cc5906ee99cedfc587e9b23d348201afb5ee7da291f71aa53581187	596	BONIATO1_20170520_180741/LiveResponseData/CopiedFiles/ie/antonio/Cookies/Low/antonio@at.atwola[1].txt
8bbd95426d3274e0ad10844f462425f14ce7b90ec8e0299e2b3fbf7ad27efe2c	1193	BONIATO1_20170520_180741/LiveResponseData/CopiedFiles/ie/antonio/Cookies/Low/antonio@fireeye[1].txt
a8522f650413ee07c2b69da7214be31277c828ec4f4309f5df0a7ad758a0fa7d	1013	BONIATO1_20170520_180741/LiveResponseData/CopiedFiles/ie/antonio/Cookies/Low/antonio@microsoft[1].txt
2b2288c4e78e289a0fafd4fb2f34b48b2f3e95d47b722f9d25a153cc29acf63c	823	BONIATO1_20170520_180741/LiveResponseData/CopiedFiles/ie/antonio/Cookies/Low/antonio@msn[1].txt
839499908f061de722710b66375fe29922b9fa5253c8dd7a560341d29b03c650	890	BONIATO1_20170520_180741/LiveResponseData/CopiedFiles/ie/antonio/Cookies/Low/antonio@www.msn[2].txt
291dd214fbf83eb60a98f2e049984fa0fef1cbd685b3cb95f0c3ff0a88596ed1	32768	BONIATO1_20170520_180741/LiveResponseData/CopiedFiles/ie/antonio/Cookies/Low/index.dat
30f4c6e2b455d7cdbbcc2eedae015373a608063e29359f90991e89dc7d6d6923	32768	BONIATO1_20170520_180741/LiveResponseData/CopiedFiles/ie/antonio/Cookies/index.dat
272fd14321c41886df9c344d2a1bb63a2953f49d30c6347a554ab49e3ccee5ab	32768	BONIATO1_20170520_180741/LiveResponseData/CopiedFiles/ie/antonio/cache/index.dat
d4906417e4c5932c2b18922e5a48ac55b3c4f93f865ae864ce9a449e77507512	49152	BONIATO1_20170520_180741/LiveResponseData/CopiedFiles/ie/antonio/history/index.dat
75d0b1743f61b76a35b1fedd32378837805de58d79fa950cb6e8164bfa72073a	16384	BONIATO1_20170520_180741/LiveResponseData/CopiedFiles/ie/boniato/Cookies/index.dat
6a3ccc3773fb3f18a1270eeea34f7cad24d7a30cccba8e12b66b80c80004eef0	32768	BONIATO1_20170520_180741/LiveResponseData/CopiedFiles/ie/boniato/cache/index.dat
6832b163f21ecb95b4c8d07a7e1c84aa3ec6353b9ba0f623ac9b47af5ed13bf8	32768	BONIATO1_20170520_180741/LiveResponseData/CopiedFiles/ie/boniato/history/index.dat
75d0b1743f61b76a35b1fedd32378837805de58d79fa950cb6e8164bfa72073a	16384	BONIATO1_20170520_180741/LiveResponseData/CopiedFiles/ie/patata/Cookies/index.dat
33f0599345e80f00580890aeebb75286d4520da54efbfd4ed704c592a7f928c1	32768	BONIATO1_20170520_180741/LiveResponseData/CopiedFiles/ie/patata/cache/index.dat
75d0b1743f61b76a35b1fedd32378837805de58d79fa950cb6e8164bfa72073a	16384	BONIATO1_20170520_180741/LiveResponseData/CopiedFiles/ie/patata/history/index.dat
91f462576f50b15f6488244a16e410cc2f16f386acc949d0682bb4d6e0b2c7dd	67108864	BONIATO1_20170520_180741/LiveResponseData/CopiedFiles/logfile/$LogFile
d3a3338a573111ab73d16c212f1754d5bf0afc4b25cf4f82e39893436be120fe	82837504	BONIATO1_20170520_180741/LiveResponseData/CopiedFiles/mft/$MFT
4c7a024908ac5d62451d5daa961c572547f7ed947b5086803e209df1c270aa2a	93266	BONIATO1_20170520_180741/LiveResponseData/CopiedFiles/prefetch/AUDIODG.EXE-D0D776AC.pf
d9d15b6b115572c9b597b1fb76b4c330c3b829c6bd7477ee904ac93ffc96f91f	334168	BONIATO1_20170520_180741/LiveResponseData/CopiedFiles/prefetch/AgAppLaunch.db
a3306df7553e493bdbd75c47c19f723f935cefd5d5e4cf148e72ef49a86618f1	1643333	BONIATO1_20170520_180741/LiveResponseData/CopiedFiles/prefetch/AgCx_S1_S-1-5-21-1069686661-1502955642-192803181-1000.snp.db
c9b36be3cff9694411af1717848b824c9310482f69c6b8dde4d14b28d898cf1a	1757252	BONIATO1_20170520_180741/LiveResponseData/CopiedFiles/prefetch/AgCx_S1_S-1-5-21-969672944-2748565473-3507282359-1105.snp.db
7b12e1f75cb8212b13d85499e4c0227937b0796551def5a375d9f08cfc8d2fbf	324307	BONIATO1_20170520_180741/LiveResponseData/CopiedFiles/prefetch/AgCx_SC4.db
02b0271cad39b707187c5e5d9ac303ddc7f86e73190a99b31b84d34f55aa1af6	638805	BONIATO1_20170520_180741/LiveResponseData/CopiedFiles/prefetch/AgGlFaultHistory.db
30f5f0aed8f1aa03064ee6159b6f9e2512826737b75a889b7129a4b99fac0831	872856	BONIATO1_20170520_180741/LiveResponseData/CopiedFiles/prefetch/AgGlFgAppHistory.db
e96e09fe5f88fbb32753724a43d3b5fd9a317f8c3f8c050e051ceac155e43cf4	2668159	BONIATO1_20170520_180741/LiveResponseData/CopiedFiles/prefetch/AgGlGlobalHistory.db
216dd00b5a4a3b7ea6cf83f4239a7a036ec62606f64b01180af6f346b159d065	713088	BONIATO1_20170520_180741/LiveResponseData/CopiedFiles/prefetch/AgGlUAD_P_S-1-5-21-1069686661-1502955642-192803181-1000.db
67772683e764b4a4716a2913740898e4eb13a55cdcb57e4afc5f0ec8ad36349a	935654	BONIATO1_20170520_180741/LiveResponseData/CopiedFiles/prefetch/AgGlUAD_P_S-1-5-21-969672944-2748565473-3507282359-1105.db
8d9d4d870037fafd0d7fc95ab8338afdad2d3206cae9ceab284bd4d5f6453108	250049	BONIATO1_20170520_180741/LiveResponseData/CopiedFiles/prefetch/AgGlUAD_S-1-5-21-1069686661-1502955642-192803181-1000.db
cb1ac948c5f26116e1a2b03e11ae09f45a7c24bbe442deb01eebdd85131b8404	657738	BONIATO1_20170520_180741/LiveResponseData/CopiedFiles/prefetch/AgGlUAD_S-1-5-21-969672944-2748565473-3507282359-1105.db
d6b5ff2b343f678ed27788439e39f7c6b7b0953cc3e54e25dec8a403fca56253	374752	BONIATO1_20170520_180741/LiveResponseData/CopiedFiles/prefetch/AgRobust.db
f7a5c996297ef84e432484cea33e5e725b9b3a21a76ac8ea9a193f317a4a513a	17236	BONIATO1_20170520_180741/LiveResponseData/CopiedFiles/prefetch/BCSSYNC.EXE-861DE060.pf
a00a099c640481c815e751d44852caaf094e52a5f22c04d4fc46ea2fd4a128ea	140404	BONIATO1_20170520_180741/LiveResponseData/CopiedFiles/prefetch/CMD.EXE-89305D47.pf
96e9e5152244aeeb939d4ee6d00b53402a2001724e863532ec7c1991dd03ee77	37152	BONIATO1_20170520_180741/LiveResponseData/CopiedFiles/prefetch/CMD.EXE-EABFE48B.pf
f4ae2d3bdc1b146de9673eb73d5589c204e6fab944ddbef36188668cb4f21cad	16940	BONIATO1_20170520_180741/LiveResponseData/CopiedFiles/prefetch/CONHOST.EXE-3218E401.pf
f6f37a93ff3589210ffabe66e502545b05df6ea1dc06b51c4a8ad8c252b6039b	157386	BONIATO1_20170520_180741/LiveResponseData/CopiedFiles/prefetch/CONSENT.EXE-65F6206D.pf
a9db34df7d0b07a1dc86f4ff6c21583136812bc05d8b208b3a2fc1b8825bdc55	48112	BONIATO1_20170520_180741/LiveResponseData/CopiedFiles/prefetch/CSC.EXE-17F940BB.pf
ca2fdd08b64586bdc11e3b3ecb39c020284e13c6ebebfa74de0d1d4eb9ece3fc	23334	BONIATO1_20170520_180741/LiveResponseData/CopiedFiles/prefetch/CSRSS.EXE-8C04D631.pf
4ac2c6f44e81c5620cfd75b2e53ae972c520b31ebbd26e749a3abcb5e9d7f8bb	11772	BONIATO1_20170520_180741/LiveResponseData/CopiedFiles/prefetch/CVTRES.EXE-299AD2C9.pf
8a48cdf6962055d1b5272f9f725ab1a2046805b1eadb5828495945647194c6ac	18604	BONIATO1_20170520_180741/LiveResponseData/CopiedFiles/prefetch/DEFRAG.EXE-738093E8.pf
901589edc6a2de927b131c6f489e2e2e1bed504f98ebeb5d9f7da0644c4e5c8e	19038	BONIATO1_20170520_180741/LiveResponseData/CopiedFiles/prefetch/DINOTIFY.EXE-06EB7C61.pf
08063f227c3bbbe49471bfecce52f254fd522545971d96104dde900301359a63	35904	BONIATO1_20170520_180741/LiveResponseData/CopiedFiles/prefetch/DLLHOST.EXE-71214090.pf
54ed33a60c9c3bb316acaa8e0c152254cb8e1e3eae709fd18770776a4b468816	29244	BONIATO1_20170520_180741/LiveResponseData/CopiedFiles/prefetch/DLLHOST.EXE-7D2183B8.pf
f055893291e53856066938c04f48d5651950d3666cfb5e32a1c8ec71b30547ce	410260	BONIATO1_20170520_180741/LiveResponseData/CopiedFiles/prefetch/DLLHOST.EXE-893DDF55.pf
ba113f6ce644656095bff4f3d376d356269d5538334b2e37af4e46e6339d14a1	112014	BONIATO1_20170520_180741/LiveResponseData/CopiedFiles/prefetch/DLLHOST.EXE-FF915DF9.pf
94426af20aba7ae1762f3458f78788781250c0f3435200715a2dd2b7ba5b6b3e	73926	BONIATO1_20170520_180741/LiveResponseData/CopiedFiles/prefetch/DRVINST.EXE-5F8E77CD.pf
b01680f901a5143589c2af3d548ca3184e12f6de94e0d4f45562b6299f89aab9	25790	BONIATO1_20170520_180741/LiveResponseData/CopiedFiles/prefetch/DWM.EXE-AEABE78B.pf
e732f0f39970ba9348ca82add17478b5d5832eb07f84055e3a30c43c3d18fa39	251504	BONIATO1_20170520_180741/LiveResponseData/CopiedFiles/prefetch/EXPLORER.EXE-7A3328DA.pf
e5ef78a68bc96d2bd368aa451f941b7615c02e1d7cd3c31c9331c6e935649c02	39818	BONIATO1_20170520_180741/LiveResponseData/CopiedFiles/prefetch/EXTRACTUSNJRNL64.EXE-1478C293.pf
a7e73b0beb0b1d15fb36dc66c83d1b4f8cf7c2f0c45cb35cb085c47e01cccc7a	13248	BONIATO1_20170520_180741/LiveResponseData/CopiedFiles/prefetch/FIND.EXE-CEB858FC.pf
ddf0328fb723ee2d07b505a31e94b1a97d2a2f2693879a0c3d518fa68b613a7f	12196	BONIATO1_20170520_180741/LiveResponseData/CopiedFiles/prefetch/FINDSTR.EXE-7F3B6129.pf
f89c4c458f03d324ebfdbbc928782a09eea6a734d4aba3510156e35d1f83d332	161186	BONIATO1_20170520_180741/LiveResponseData/CopiedFiles/prefetch/FIREFOX.EXE-FBBD985A.pf
338c1289b8b416fe028ee238ef5cafc1b36abb63376a2c07d0589772a7a07af1	16950	BONIATO1_20170520_180741/LiveResponseData/CopiedFiles/prefetch/FORECOPY_HANDY.EXE-81BF2550.pf
25038c281bf38ebef855502220882913bff6da13039471884ec12dbbe4558232	15450	BONIATO1_20170520_180741/LiveResponseData/CopiedFiles/prefetch/IPCONFIG.EXE-B327820A.pf
498fd6e7fd87f67a6cd6f8eee504a51e55f34125d7412dc533ccbab50c2e6254	43386	BONIATO1_20170520_180741/LiveResponseData/CopiedFiles/prefetch/LASTACTIVITYVIEW.EXE-C87B4F9B.pf
c6ef0657e9b0268589e8e5b47daa5b048acacda8ce89a604a2616d8c6a55c2aa	32254	BONIATO1_20170520_180741/LiveResponseData/CopiedFiles/prefetch/LOGOFF.EXE-A960923C.pf
375ad128640ee2e4b132b64130e9d18ecdd76481ec69cc9e9829e6887b3d273f	132188	BONIATO1_20170520_180741/LiveResponseData/CopiedFiles/prefetch/LOGONUI.EXE-1BEE4A84.pf
3a88a867b6dc56740e226643dac62ba79f8683663e1e8bf948b61b4e71306bc3	688252	BONIATO1_20170520_180741/LiveResponseData/CopiedFiles/prefetch/Layout.ini
1b56941963e709126fbee743fdbd16a2f428d421ed58f8522e3549e1aca7ee45	28338	BONIATO1_20170520_180741/LiveResponseData/CopiedFiles/prefetch/MPCMDRUN.EXE-BB72ED6F.pf
7bdfb9e3b9c061925d1869f421e32f28d1168b4e61ac54ee13edf9fef763f36e	168052	BONIATO1_20170520_180741/LiveResponseData/CopiedFiles/prefetch/MSCORSVW.EXE-657DC389.pf
210589eb561d29f43952ef7106575863b064b7cdeee0d45a8b2b277c10e15c87	181308	BONIATO1_20170520_180741/LiveResponseData/CopiedFiles/prefetch/MSCORSVW.EXE-C735E247.pf
c26ff7c60c79e1ca1e528486567d2453e5ade0876ff9b4c67364124c1535e756	47708	BONIATO1_20170520_180741/LiveResponseData/CopiedFiles/prefetch/MSHTA.EXE-D17021F8.pf
aab8325cbe41a3b92ddfe28d43218be5cc88ddfbe2dabdb58ea3d84d894d9386	115074	BONIATO1_20170520_180741/LiveResponseData/CopiedFiles/prefetch/MSIEXEC.EXE-B5AFA339.pf
cbd0d840e62c13c76ea9098861c2bf3874f20d2d6aff4cd73cde4b8cf758f09d	84332	BONIATO1_20170520_180741/LiveResponseData/CopiedFiles/prefetch/MSIEXEC.EXE-F3744DFD.pf
010023007ec593db788c7713f71524fee218f2b358ee8470beb64b0799515c15	19062	BONIATO1_20170520_180741/LiveResponseData/CopiedFiles/prefetch/NET.EXE-1DF3A2F6.pf
9b5db3ec2eca6998723585ec74399f97038380f3b330c26407e08bb408e752eb	13718	BONIATO1_20170520_180741/LiveResponseData/CopiedFiles/prefetch/NET.EXE-7F832A3A.pf
fa9a386975bab954aef4d45ea97682d08296b5028bc3a5fd5d5903fb13bc295f	14118	BONIATO1_20170520_180741/LiveResponseData/CopiedFiles/prefetch/NET1.EXE-71327F1F.pf
906d7f638f2afadbcfc907db11f2da5cc0e58fbef65a7de1c09d5fd37b96a68a	14322	BONIATO1_20170520_180741/LiveResponseData/CopiedFiles/prefetch/NET1.EXE-B8A8247B.pf
a3327841147a6a89f6d2880a5b6a39e1ac83b67154ef6093c7561f9817115b62	14448	BONIATO1_20170520_180741/LiveResponseData/CopiedFiles/prefetch/NGEN.EXE-3A240585.pf
68a76da8ca8aceb7409b025a48082c91d1a5c8e0bbf630c2e7f1cb8f8f37272d	22156	BONIATO1_20170520_180741/LiveResponseData/CopiedFiles/prefetch/NGEN.EXE-DEAF5A03.pf
8ad82d9581cd9654acceacb141879734fe6b35e00c14909329a669571694bb77	46938	BONIATO1_20170520_180741/LiveResponseData/CopiedFiles/prefetch/NOTEPAD.EXE-EB1B961A.pf
25e95a35a99c403e46db9d01e7716ca0e3836def36b2f5148cec39ab6d644b00	2441056	BONIATO1_20170520_180741/LiveResponseData/CopiedFiles/prefetch/NTOSBOOT-B00DFAAD.pf
394390b477eab6a16dd401f9d9cf5b19b91c46525d4d267303c36ddfd7e49f67	43416	BONIATO1_20170520_180741/LiveResponseData/CopiedFiles/prefetch/OSPPSVC.EXE-FFA150A3.pf
61bf4b18784d29512ad2d42fff0b4f2bc2efa829d556b758ccd12a33eddd3471	280346	BONIATO1_20170520_180741/LiveResponseData/CopiedFiles/prefetch/OUTLOOK.EXE-0D697338.pf
e107b4b7d9b0f5da353ee5a9677d9c72c07f239e63fcfaf321143727e55ec69d	6054	BONIATO1_20170520_180741/LiveResponseData/CopiedFiles/prefetch/POWERCFG.EXE-37D2B69C.pf
33fd34e0df14f9bcfcff6190a954b1c6f1193ac55fce96c6a4652bd4a506e1ab	125228	BONIATO1_20170520_180741/LiveResponseData/CopiedFiles/prefetch/POWERSHELL.EXE-3E7086C1.pf
d1b4b1d53e9b2dc8feb78b14394f6d5cc8c741bb5eea0720a9bf3a7df0a59542	544378	BONIATO1_20170520_180741/LiveResponseData/CopiedFiles/prefetch/POWERSHELL.EXE-59FC8F3D.pf
5c54d27eaddee4daaba2df208988b3239bc95b61041202cb88ab2a85455a8dba	240182	BONIATO1_20170520_180741/LiveResponseData/CopiedFiles/prefetch/RUNDLL32.EXE-125D4518.pf
5aa38bb14f066d198b6a9228f39a149fb9b87805f014d415ad5b742aab7ec8fc	29608	BONIATO1_20170520_180741/LiveResponseData/CopiedFiles/prefetch/RUNDLL32.EXE-1E417FB4.pf
caea2884bb0bf89a8ae9a047303ccfe7d4574206e3dca29dc96d1e52095f6b0b	63260	BONIATO1_20170520_180741/LiveResponseData/CopiedFiles/prefetch/RUNDLL32.EXE-F452D79D.pf
03f26f96d5db2ed7af6834bd3a6afcc66164bc34fcba17a83f5ed677481dc2d5	1743299	BONIATO1_20170520_180741/LiveResponseData/CopiedFiles/prefetch/ReadyBoot/Trace1.fx
41fa739e3935ac5113fc7fd104b73dee5dcede26a2443e44dd3b31c64e6c7beb	2132303	BONIATO1_20170520_180741/LiveResponseData/CopiedFiles/prefetch/ReadyBoot/Trace10.fx
c148399f40705ddc3dd6be2ba383fe4e97d4c9e107c42cf7a69e791595ac91ad	2043861	BONIATO1_20170520_180741/LiveResponseData/CopiedFiles/prefetch/ReadyBoot/Trace2.fx
31a361836c3e768992e0f49a661b601b50da949fce959cccdb403326f0f253ad	1953399	BONIATO1_20170520_180741/LiveResponseData/CopiedFiles/prefetch/ReadyBoot/Trace3.fx
2268278dc025dbe1bfd72aef55e132ebf2df13c2d05f9c1967f84c73c2f0ad54	1868239	BONIATO1_20170520_180741/LiveResponseData/CopiedFiles/prefetch/ReadyBoot/Trace9.fx
4a04dd05d8cb04e10aee9e4e3b204f1028082bdc1063427741decc58e9025c31	17584	BONIATO1_20170520_180741/LiveResponseData/CopiedFiles/prefetch/SEARCHFILTERHOST.EXE-AA7A1FDD.pf
bee28ce605fde692c97ad02ed27639d6712783d494e2bf9afaa66463c8384242	113400	BONIATO1_20170520_180741/LiveResponseData/CopiedFiles/prefetch/SEARCHINDEXER.EXE-77D27BAC.pf
765da272bf06016da41d41abd3c83feed31e96733d96e0e2d023b4a3504b459c	284064	BONIATO1_20170520_180741/LiveResponseData/CopiedFiles/prefetch/SEARCHPROTOCOLHOST.EXE-AFAD3EF9.pf
4977ebec10e9be0f4f163213009ee5bff9effd9aaac2ba222be1b33a5e711c3f	338274	BONIATO1_20170520_180741/LiveResponseData/CopiedFiles/prefetch/SEARCHPROTOCOLHOST.EXE-E5D641DD.pf
6c7ea5a1ed24d27317074aceab313c107124ab6bfba346ab08624969103d6862	37730	BONIATO1_20170520_180741/LiveResponseData/CopiedFiles/prefetch/SETUP.EXE-CA3B69D2.pf
955b093e38272ef28b43ac8af3f0a312e4c6244b282397fcfd06b112921d0a1b	62130	BONIATO1_20170520_180741/LiveResponseData/CopiedFiles/prefetch/SETUP.EXE-D9CE4AAC.pf
2f2893baea698e058b629a43563e58c82a377a0c18dbcb0558cdca2d38a97e35	114800	BONIATO1_20170520_180741/LiveResponseData/CopiedFiles/prefetch/SLUI.EXE-A65918C4.pf
42ca28cf9556f28f2ad80e81c3037539262e31b357b36e7ebed6985dd1dec616	3910	BONIATO1_20170520_180741/LiveResponseData/CopiedFiles/prefetch/SMSS.EXE-1DCD0EB1.pf
20a9fdb03a67e5dc4ca85e473522912be8a867cdbcc8b864981b57bc46ed877f	17726	BONIATO1_20170520_180741/LiveResponseData/CopiedFiles/prefetch/SPLWOW64.EXE-FBA11EAB.pf
3950b062ec9b508c48e93a9488fdea90abe1584bd0dd1d17b4cab4926733dd03	71606	BONIATO1_20170520_180741/LiveResponseData/CopiedFiles/prefetch/SPPSVC.EXE-CBE91656.pf
fcff9e94f6d1bfddbd4cdb0ddb33153a1630b2cc2ff315b3d41e19353859d2f8	164120	BONIATO1_20170520_180741/LiveResponseData/CopiedFiles/prefetch/SVCHOST.EXE-135A30D8.pf
eca9c79aca03ae54d606854a76d28181df59bc00cbacbfbe39c4c5112b00dba6	24578	BONIATO1_20170520_180741/LiveResponseData/CopiedFiles/prefetch/SVCHOST.EXE-7488A139.pf
421929987d749a3f86e72d17e88c3df0e72efdb03b89d9ea85204730ffe7a2ed	17374	BONIATO1_20170520_180741/LiveResponseData/CopiedFiles/prefetch/SVCHOST.EXE-8DA0BAAD.pf
1b6e56d224f30f1155a3f05c39579049359ef34144a89532dd3c48872290ad4f	67356	BONIATO1_20170520_180741/LiveResponseData/CopiedFiles/prefetch/SYSMON.EXE-C8F28CA2.pf
cba18615bd3c83814d9f7d3bba820864c0ddc9252b5aa6ad15ccd01948169729	25178	BONIATO1_20170520_180741/LiveResponseData/CopiedFiles/prefetch/SYSPREP.EXE-98D7B523.pf
a122767bd019b01cde9106b1a26ac5234bfd740b7d9985fb72ee24e45257c3b9	125960	BONIATO1_20170520_180741/LiveResponseData/CopiedFiles/prefetch/TASKHOST.EXE-437C05A8.pf
f47295ad8b275c7711b62bf16ad31781f58f7b8e4a459e229aee4c2ed1f6cc19	28378	BONIATO1_20170520_180741/LiveResponseData/CopiedFiles/prefetch/TPAUTOCONNECT.EXE-F29212C1.pf
ac358105cb67f31452b1b12244fb1d8b99397595837ec870441af50dd82891f6	147514	BONIATO1_20170520_180741/LiveResponseData/CopiedFiles/prefetch/TRUSTEDINSTALLER.EXE-031B6478.pf
16a64417e616f5527de2e463be31ccff577fd297a43c712d08f37d0096545aba	29290	BONIATO1_20170520_180741/LiveResponseData/CopiedFiles/prefetch/UI0DETECT.EXE-B742F20E.pf
e11c029599ef4605d876dcd9e5f6b2c4ac0bcebc2547d5c7714f30d520f59980	102564	BONIATO1_20170520_180741/LiveResponseData/CopiedFiles/prefetch/USERACCOUNTCONTROLSETTINGS.EX-FE400219.pf
54cf70b1e2cfc93538c8ee7448186aefc4c23c74fcf621f1f9ce4a18babebbfb	23148	BONIATO1_20170520_180741/LiveResponseData/CopiedFiles/prefetch/USERINIT.EXE-F39AB672.pf
c6ee18108215bd35531dc5c31d25d8b5cbac781c57246d28add0af983f30b9f7	44698	BONIATO1_20170520_180741/LiveResponseData/CopiedFiles/prefetch/VCREDIST_X64.EXE-1057AC54.pf
f49485ac350c04efa7e1da609fd3e6f8c45d818b04bda0219c99e9b530a80798	51482	BONIATO1_20170520_180741/LiveResponseData/CopiedFiles/prefetch/VCREDIST_X86.EXE-01E803D8.pf
cbfc95dc583d5e644b351b0dbffcbd01e343732f7b2988b6abbb863cca61b71c	122070	BONIATO1_20170520_180741/LiveResponseData/CopiedFiles/prefetch/VMTOOLSD.EXE-0AD357E6.pf
864aa63769501edcb85cd876a6208a9d28a9ab429fbee6edfdb1c543c9467814	59202	BONIATO1_20170520_180741/LiveResponseData/CopiedFiles/prefetch/VMWARERESOLUTIONSET.EXE-BAE6FDC8.pf
747384d3bb5020124787c15a26ae2c1cf79b8f6907340d7a6c26eeeeb229d70b	36006	BONIATO1_20170520_180741/LiveResponseData/CopiedFiles/prefetch/VSSVC.EXE-04D079CC.pf
85383a14e0158a889b4d1498055b5b74e4c585500043a2dd371ed158e25d3535	276764	BONIATO1_20170520_180741/LiveResponseData/CopiedFiles/prefetch/WERMGR.EXE-2A1BCBC7.pf
d7f9a1d6068d936b616c9752b1974469c0f87be85a2a3023a6500b1791ff4795	32990	BONIATO1_20170520_180741/LiveResponseData/CopiedFiles/prefetch/WEVTUTIL.EXE-C09B744F.pf
97b5a4e424a6fea41ef18e592522f70424de4179576a2752ed877b777e996c12	12436	BONIATO1_20170520_180741/LiveResponseData/CopiedFiles/prefetch/WHOAMI.EXE-D3199174.pf
e3116124144e35a649580037df52ebb3d0d70bee6fcbd8501949c0ab7c52d426	15608	BONIATO1_20170520_180741/LiveResponseData/CopiedFiles/prefetch/WINDOWS LIVE RESPONSE COLLECT-36FD082C.pf
7752caf39950bb035f57c4f513f09f91bb855f8f4a79f6dcf7ece9e1beaf5e06	40404	BONIATO1_20170520_180741/LiveResponseData/CopiedFiles/prefetch/WINLOGON.EXE-8163EECC.pf
a5793cbce9f98d8e71b2e40459420ffcea5507277d157ad84215d1d1696279df	29046	BONIATO1_20170520_180741/LiveResponseData/CopiedFiles/prefetch/WINPCAP-NMAP-4.13.EXE-4C57CB01.pf
e98140c2a1512cedba773120482d883d124cb881eb2b415c1d00a0d3e9972b18	307856	BONIATO1_20170520_180741/LiveResponseData/CopiedFiles/prefetch/WINWORD.EXE-BE40F7E9.pf
cdc7dfa92e71c60d1ba771af0c5f9e8a96974f7d22b0b7c6e0dbb008f3f1b5a2	104084	BONIATO1_20170520_180741/LiveResponseData/CopiedFiles/prefetch/WMIADAP.EXE-369DF1CD.pf
547a7311004128ead3777ff032d1520b43a0041798bd881a4710d9c6c07f82ce	68836	BONIATO1_20170520_180741/LiveResponseData/CopiedFiles/prefetch/WMIPRVSE.EXE-43972D0F.pf
4715924249e595274e396fb1f60c866f3789c87bd4fa21c764d29f13eb8aa780	25164	BONIATO1_20170520_180741/LiveResponseData/CopiedFiles/prefetch/WUDFHOST.EXE-81420B07.pf
834ebfeaba0a5fd3d0f75c4593b580c003522ddd879f70abf45b880db8d6f1d5	406	BONIATO1_20170520_180741/LiveResponseData/CopiedFiles/recentfilecache/RecentFileCache.bcf
55189922cb3c8f6e1d18b70729827c70fb9cce389a978bcc7cc05c817bfc66cd	44040192	BONIATO1_20170520_180741/LiveResponseData/CopiedFiles/registry/COMPONENTS
f50eedd9d6e1bc876bd4f7e545a330507fc6b26171b7cf99e8119656ca974c1a	262144	BONIATO1_20170520_180741/LiveResponseData/CopiedFiles/registry/DEFAULT
4852c2233bd7a2c6b2251abc58572bc3afe7bfa752fe24db15d63f59a9adb52d	262144	BONIATO1_20170520_180741/LiveResponseData/CopiedFiles/registry/Default User_NTUSER.DAT
4852c2233bd7a2c6b2251abc58572bc3afe7bfa752fe24db15d63f59a9adb52d	262144	BONIATO1_20170520_180741/LiveResponseData/CopiedFiles/registry/Default_NTUSER.DAT
dae82dd588fb6790d35e8e8d9d484c0277e697d30050d62f95e99678ec824bec	262144	BONIATO1_20170520_180741/LiveResponseData/CopiedFiles/registry/SAM
b535a845194d31b532cc12c599bdaf9e2b18e065bdbf6bc7098334c8d1fdbce4	262144	BONIATO1_20170520_180741/LiveResponseData/CopiedFiles/registry/SECURITY
f918bc57dfaa7e64ece86e14d9bec92b38b55e39322095cec50ccb2426406498	46923776	BONIATO1_20170520_180741/LiveResponseData/CopiedFiles/registry/SOFTWARE
bcc4378264f2e138bbb8f1b98019dd046a5086403746b24928fa234c418c506b	13107200	BONIATO1_20170520_180741/LiveResponseData/CopiedFiles/registry/SYSTEM
962f807f078474722b24d860184de40c4ece8949b3982b54a0312fe695943416	786432	BONIATO1_20170520_180741/LiveResponseData/CopiedFiles/registry/antonio_NTUSER.DAT
2aa3afdf5bda1c3594cb98e9359b2858957eb5975b59fc4c0283b649e3319c99	786432	BONIATO1_20170520_180741/LiveResponseData/CopiedFiles/registry/boniato_NTUSER.DAT
cd65401522b0b3042ff14402c484712e69291c9e114f784cb4f78cb6f1858951	262144	BONIATO1_20170520_180741/LiveResponseData/CopiedFiles/registry/patata_NTUSER.DAT
5ab42bb5ed0d44671370faeaa1789786e99b5536b1a3fe6874dba7ecb3735db4	36952376	BONIATO1_20170520_180741/LiveResponseData/CopiedFiles/usnjrnl/$UsnJrnl_$J.bin
83dedf3bdf4835f17af681cdd608a624afa183dda04a35f2d0277aad4f120362	113	BONIATO1_20170520_180741/LiveResponseData/NetworkInfo/NetBIOS_sessions.txt
9f6b89fa07a9228e185601d19086d94519ab79a50c0737b21c83604f578afdbc	4302	BONIATO1_20170520_180741/LiveResponseData/NetworkInfo/TCPView.txt
7766683b11904a4894e9f37bc3befdbc2a840994bd6fd853893dbaabb10328c5	45942	BONIATO1_20170520_180741/LiveResponseData/NetworkInfo/cports.html
cad54537148b97726827c496294ccea9d717f558dccdea52c1740f3f40c424f8	122	BONIATO1_20170520_180741/LiveResponseData/NetworkInfo/nbtstat.txt
3f037b3f49be8514638336ee908d0f3a3b69bc4d20b35757df718583919fb9c2	4121	BONIATO1_20170520_180741/LiveResponseData/NetworkInfo/netstat_anb_results.txt
101ea89e4af426227276a3fb2fb54d698e255c05e27c55a59c01d1160b923ab1	10514	BONIATO1_20170520_180741/LiveResponseData/PersistenceMechanisms/Driver_group_load_order_wmic.txt
36c2bfac6cc979dbcaa2a5d8559775c581681f7c0774947608cc41730f522b28	72982	BONIATO1_20170520_180741/LiveResponseData/PersistenceMechanisms/Loaded_dlls.txt
bf39b078a18a0051b638a2c63d6099c1eec930a4506c47ede355af36b3a8bdfe	2052	BONIATO1_20170520_180741/LiveResponseData/PersistenceMechanisms/Startup_wmic.txt
aa03462a73dffe0abb31b5c11f0b906deabeef57c6fbd12d060d9237bb2cd49b	91784	BONIATO1_20170520_180741/LiveResponseData/PersistenceMechanisms/autorunsc.csv
2e2fb74b083de99a920507a7b0692f971d85b487fa4b984ca562eb03ee3dbe23	88640	BONIATO1_20170520_180741/LiveResponseData/PersistenceMechanisms/autorunsc.txt
f7e3c2aa28ac32f1ccbf28f3510615af82d7cf94af22b138018d193625c7ef41	195507	BONIATO1_20170520_180741/LiveResponseData/PersistenceMechanisms/scheduled_tasks.txt
2efb08acebd79c82d0e6819f745ac6e834c83b93fcf7ccda4653e5f034bc64a3	5086	BONIATO1_20170520_180741/LiveResponseData/PersistenceMechanisms/services_aw_processes.txt
18f8b5e2e4d38118bd0f769d2da8e457ac71a2c60df1e1aa6a35bb480d925b2a	2808	BONIATO1_20170520_180741/LiveResponseData/UserInfo/All_logons_wmic.txt
a6e96b6e63a3277994af47870749c8c80c56c8bdab65576c1c8f03baf6acbc51	22	BONIATO1_20170520_180741/LiveResponseData/UserInfo/whoami.txt
