# sha256	size	path: files of Nabo2_triage.zip (sha256 d3e692f8e60f64ce633fd0b440ae7664c9e15126b718c718d825342fe8f1c972)
9160acaf576927cbfebb00b0e4300699bd339f395dece87528b7f14002397467	630	NABO2_20170520_174706/LiveResponseData/BasicInfo/DiskDriveList_wmic.txt
f205f0d77bff3f93be4b66d1e274cbe8adb450d18d22d7c6035044538bd14604	137456	NABO2_20170520_174706/LiveResponseData/BasicInfo/Full_file_listing.txt
b7e7efbe3edf131df7cdec52c96da5461b928a7d268aa9f2a251398c51777093	11098	NABO2_20170520_174706/LiveResponseData/BasicInfo/Hashes_md5_Startup_and_Dates.txt
e7bec143a9b14934f6b28a53cfd1d6c86bfae06360906b0b7bcc78f7fdfaee1e	1636135	NABO2_20170520_174706/LiveResponseData/BasicInfo/Hashes_md5_System32_AllFiles_and_Dates.txt
e3b0c44298fc1c149afbf4c8996fb92427ae41e4649b934ca495991b7852b855	0	NABO2_20170520_174706/LiveResponseData/BasicInfo/Hashes_md5_System_TEMP_AllFiles_and_Dates.txt
a272cc8039281b07d2a955c6a8666cabaffdac21a6eba2ff3040d6d1b0963ac1	696	NABO2_20170520_174706/LiveResponseData/BasicInfo/Hashes_md5_User_TEMP_AllFiles_and_Dates.txt
aeb35dc4f422726da35106dff925c0525752a5004dc0c3a358f9f9d35e4ff877	13498	NABO2_20170520_174706/LiveResponseData/BasicInfo/Hashes_sha256_Startup_and_Dates.txt
a585123c53c642b2f6c8bb7e3e03654dcb84c085eaec852cb5f89f91e0707621	2042919	NABO2_20170520_174706/LiveResponseData/BasicInfo/Hashes_sha256_System32_AllFiles_and_Dates.txt
e3b0c44298fc1c149afbf4c8996fb92427ae41e4649b934ca495991b7852b855	0	NABO2_20170520_174706/LiveResponseData/BasicInfo/Hashes_sha256_System_TEMP_AllFiles_and_Dates.txt
b5b39707bed44402963120b64625f888ff34937198cb837a936fc118d0570a37	824	NABO2_20170520_174706/LiveResponseData/BasicInfo/Hashes_sha256_User_TEMP_AllFiles_and_Dates.txt
991d3d42e81fe5745b39e1f478d8119c1b8a6f2cd88a781266e3a264e6d91ad8	4594	NABO2_20170520_174706/LiveResponseData/BasicInfo/Installed_software_wmic.txt
ecc73a1babf67cbd1ceaaadd79f1d9524022913f5572edccc331ee90265af8a0	152476	NABO2_20170520_174706/LiveResponseData/BasicInfo/LastActivityView.html
e3b0c44298fc1c149afbf4c8996fb92427ae41e4649b934ca495991b7852b855	0	NABO2_20170520_174706/LiveResponseData/BasicInfo/List_hidden_directories.txt
23e9a034dbd9fa97dfd33dc49c25ea45c5302a3eca126a4ed10e2ed13cfe466b	202660	NABO2_20170520_174706/LiveResponseData/BasicInfo/Loaded_system_drivers_wmic.txt
a6a0b40ece1e0fbd23a4a47ffbf44ba9c2148771d2b297dd7fd862f1d69e642b	122	NABO2_20170520_174706/LiveResponseData/BasicInfo/LogicalDisk_name_wmic.txt
47b8f1e8d9bd109de1917f94a16bce3d5025e080f637fe9dbc8b0d5aa07493f8	318	NABO2_20170520_174706/LiveResponseData/BasicInfo/LogicalDisk_size_caption_wmic.txt
e3b0c44298fc1c149afbf4c8996fb92427ae41e4649b934ca495991b7852b855	0	NABO2_20170520_174706/LiveResponseData/BasicInfo/Possible_unicode_files_and_directories.txt
107381d4ab4920e22b4d0285837e799552c3e04fc7dac74961c530d39078ff9d	261	NABO2_20170520_174706/LiveResponseData/BasicInfo/PrcView_extended.txt
3ecf2e1579a13093e592f41c201dba9dff554408c24a5189330897356d01b677	467	NABO2_20170520_174706/LiveResponseData/BasicInfo/PrcView_extended_long.txt
0136fa7f0537c9cf0c746a443506dfc56700c8c1e29e7f58127166035e5b9c0e	3809	NABO2_20170520_174706/LiveResponseData/BasicInfo/PsList.txt
3a4320dd5d1c0a96c361af048eb22776ffe55b7f29884b6af345fb59016b28a5	160	NABO2_20170520_174706/LiveResponseData/BasicInfo/PsLoggedon.txt
f89b270399480431679eb57bec46f3d8dbda4435f459ce025a28f17b4066a7dc	727457	NABO2_20170520_174706/LiveResponseData/BasicInfo/PsLoglist.txt
d62bfa88b697c62f5a55832ceb073bcc4cbc306f40bceafe0999881de1fa0c73	11090	NABO2_20170520_174706/LiveResponseData/BasicInfo/Running_processes.txt
e924793717a73ed5c68cd677561db05d27f1acf1d85a09f87b577d54ca3299d3	40	NABO2_20170520_174706/LiveResponseData/BasicInfo/Windows_Version.txt
c2cd9b808c4b4e2ebaea66a0c6607299b64ff0457cd93e0aca5426bd87263ca3	31	NABO2_20170520_174706/LiveResponseData/BasicInfo/Windows_codepage.txt
59798c49fec332269c14f702267c4d73e79c122cb263dbd00d37b007a67b942c	36	NABO2_20170520_174706/LiveResponseData/BasicInfo/psfile.txt
946ece9eebf448d8310b3714a1dcfee264e6a3012963b17274924e332f9c15b1	643	NABO2_20170520_174706/LiveResponseData/BasicInfo/psinfo.txt
2ee1f8d68054fdcddc74e29ddbd918ac66c43941f93b19df473fd82dacaef7a1	318	NABO2_20170520_174706/LiveResponseData/BasicInfo/system_date_time_tz.txt
56b27700db1a87ad36d9466fa8e8b874c62931dba67e45f67ca52370c4551d34	2957	NABO2_20170520_174706/LiveResponseData/BasicInfo/system_info.txt
b57b2a2f3bf6183c616a583db2188aa21351ef5e76f53b6743fee90c6d4f357c	604	NABO2_20170520_174706/LiveResponseData/BasicInfo/system_info_wmic.txt
3c98c2f69df3b3afa5c6ba38154f7572bdfa5bbc0ebe023c98ea92a9ce40f294	1118208	NABO2_20170520_174706/LiveResponseData/CopiedFiles/eventlogs/Logs/Application.evtx
497544356f6c86f89894f1c9e1115bad1fe7563d0c10638301b7396dda81ed6b	4096	NABO2_20170520_174706/LiveResponseData/CopiedFiles/eventlogs/Logs/DebugChannel.etl
b790c872a389511da32f190adf66f301283c86a7acbbbfcfe154c70858fae70d	69632	NABO2_20170520_174706/LiveResponseData/CopiedFiles/eventlogs/Logs/HardwareEvents.evtx
c4d587c8e5d8ca330c9ef0953ef6d42826e53ca7ed82a2c14245b0588775b535	69632	NABO2_20170520_174706/LiveResponseData/CopiedFiles/eventlogs/Logs/Internet Explorer.evtx
1856359b0e5585bbd50d40b910cf8685a8154f6355583d5a356cdf57e0c40aa0	69632	NABO2_20170520_174706/LiveResponseData/CopiedFiles/eventlogs/Logs/Key Management Service.evtx
8c94d84d871cf7563157bf8095acd42be55144634272508b375641ff42f317d9	69632	NABO2_20170520_174706/LiveResponseData/CopiedFiles/eventlogs/Logs/Media Center.evtx
3c2dd7517e0cbb6f8f20ddf54c73aa253cfb1a7d372179e181651a7eb8b37a61	69632	NABO2_20170520_174706/LiveResponseData/CopiedFiles/eventlogs/Logs/Microsoft-Windows-API-Tracing%4Operational.evtx
ad644c09ab20be9c025238b56cab1d4b8c40c2bc929eac799a1683f0b2b44a94	69632	NABO2_20170520_174706/LiveResponseData/CopiedFiles/eventlogs/Logs/Microsoft-Windows-AppID%4Operational.evtx
7840114b644438df59d7e82f10d96f0f05e8c5a2fbf4d7963d44db87cf280211	69632	NABO2_20170520_174706/LiveResponseData/CopiedFiles/eventlogs/Logs/Microsoft-Windows-AppLocker%4EXE and DLL.evtx
0c67fc358678c0f1c8e51760c5dbf5894990dd4fe96e12b418a79fb075aaf90e	69632	NABO2_20170520_174706/LiveResponseData/CopiedFiles/eventlogs/Logs/Microsoft-Windows-AppLocker%4MSI and Script.evtx
521ebf311f7846727ec39a240c06587c338cd7bbd79a5fca2da06fd2441aa3cc	69632	NABO2_20170520_174706/LiveResponseData/CopiedFiles/eventlogs/Logs/Microsoft-Windows-Application Server-Applications%4Admin.evtx
5632e72949236403b4239b981abd5e649f6adbd65ef255492b5f1ab5b0f31e07	69632	NABO2_20170520_174706/LiveResponseData/CopiedFiles/eventlogs/Logs/Microsoft-Windows-Application Server-Applications%4Operational.evtx
e936ebcb8cdd78bda2c3a5b96f1b1033c0524c6466547d3c1601c282c54d0457	69632	NABO2_20170520_174706/LiveResponseData/CopiedFiles/eventlogs/Logs/Microsoft-Windows-Application-Experience%4Problem-Steps-Recorder.evtx
4911c864922575183e8ca418f2e21b944cdc463f881b5effb6a71f97b875c23f	69632	NABO2_20170520_174706/LiveResponseData/CopiedFiles/eventlogs/Logs/Microsoft-Windows-Application-Experience%4Program-Compatibility-Assistant.evtx
6ffadcf7446b2366e23d58a694e021a4e2a5abe1139e7e01a8eecb63eb039350	69632	NABO2_20170520_174706/LiveResponseData/CopiedFiles/eventlogs/Logs/Microsoft-Windows-Application-Experience%4Program-Compatibility-Troubleshooter.evtx
3595336948538840f95ec9cd15a52a5b02a16cfac258ee317ca1483b00dab697	69632	NABO2_20170520_174706/LiveResponseData/CopiedFiles/eventlogs/Logs/Microsoft-Windows-Application-Experience%4Program-Inventory.evtx
55ef69988abddc1ef0e0e40cb5901bc6eb4a06d3bb1f761cece282bc968feae1	69632	NABO2_20170520_174706/LiveResponseData/CopiedFiles/eventlogs/Logs/Microsoft-Windows-Application-Experience%4Program-Telemetry.evtx
450a850888b5f9be2a6689951dab7f1bd49583c1f4117ddfe687bd10947c6d47	69632	NABO2_20170520_174706/LiveResponseData/CopiedFiles/eventlogs/Logs/Microsoft-Windows-Audio%4CaptureMonitor.evtx
bad2a32f91bd58d119a4c6f8a01547a65f98cd3861a48aeb5025b8f699bd4e3e	69632	NABO2_20170520_174706/LiveResponseData/CopiedFiles/eventlogs/Logs/Microsoft-Windows-Audio%4Operational.evtx
c446f1bc3d9c1ed1f5744c8b8fe30d899508f1c9e402ce64d70d546e3b7e08c6	69632	NABO2_20170520_174706/LiveResponseData/CopiedFiles/eventlogs/Logs/Microsoft-Windows-Authentication User Interface%4Operational.evtx
793d15216f2d4af2476495fde384c6ff2e845193cdc39aade3fec912d7a2d133	69632	NABO2_20170520_174706/LiveResponseData/CopiedFiles/eventlogs/Logs/Microsoft-Windows-Backup.evtx
f89b88e0473af1c7e73d187b6fe4bbca3d611c97426da25cf608ae52e28f9537	69632	NABO2_20170520_174706/LiveResponseData/CopiedFiles/eventlogs/Logs/Microsoft-Windows-BitLocker-DrivePreparationTool%4Admin.evtx
c3325f552920bfc11db4f9b44d9bdc41fa6732a9191f8bcd595e637343677074	69632	NABO2_20170520_174706/LiveResponseData/CopiedFiles/eventlogs/Logs/Microsoft-Windows-BitLocker-DrivePreparationTool%4Operational.evtx
6f285e30889cb694a6028f97e11ea3e99be64b4f7fb3d966a36ac895713640ac	69632	NABO2_20170520_174706/LiveResponseData/CopiedFiles/eventlogs/Logs/Microsoft-Windows-Bits-Client%4Operational.evtx
cbb35a8957eedc441e1a5e2091e73e30a473df4f31563cac6f16b59fa039e502	69632	NABO2_20170520_174706/LiveResponseData/CopiedFiles/eventlogs/Logs/Microsoft-Windows-Bluetooth-MTPEnum%4Operational.evtx
284f80b0d9d78835d49d51ce6486d38b083a2f1c97fe00000e83146715c90108	69632	NABO2_20170520_174706/LiveResponseData/CopiedFiles/eventlogs/Logs/Microsoft-Windows-BranchCache%4Operational.evtx
3c82d2874f21ff68f374158e2979d3ba8f4466c4167657199aa2da41e1b6fd0f	69632	NABO2_20170520_174706/LiveResponseData/CopiedFiles/eventlogs/Logs/Microsoft-Windows-BranchCacheSMB%4Operational.evtx
6a3452b2413751d85079921f552e83f388974de3181c22314e7aad6a0b82e43b	69632	NABO2_20170520_174706/LiveResponseData/CopiedFiles/eventlogs/Logs/Microsoft-Windows-CAPI2%4Operational.evtx
397ec8826c49c80437483c84fb2e5a0df6de552c790a1079802bab40a3baa331	69632	NABO2_20170520_174706/LiveResponseData/CopiedFiles/eventlogs/Logs/Microsoft-Windows-CodeIntegrity%4Operational.evtx
e01eabb33bf83d6d11842795e0ce244938f6df9aed2ca14f7d3e37d70065f599	69632	NABO2_20170520_174706/LiveResponseData/CopiedFiles/eventlogs/Logs/Microsoft-Windows-CorruptedFileRecovery-Client%4Operational.evtx
a4977282f32428fa50fa1be2de8a3296027c890f5a103d16cc1336c089fc9172	69632	NABO2_20170520_174706/LiveResponseData/CopiedFiles/eventlogs/Logs/Microsoft-Windows-CorruptedFileRecovery-Server%4Operational.evtx
8790f458eccea4bfb2aba09ea0ff876c73dd2959fab709c2af012f0a43b45f14	69632	NABO2_20170520_174706/LiveResponseData/CopiedFiles/eventlogs/Logs/Microsoft-Windows-DSC%4Admin.evtx
95b639ff77f0c6d17a018f7bfcee0a46076f65173b74a93defa7602b40fad8dc	69632	NABO2_20170520_174706/LiveResponseData/CopiedFiles/eventlogs/Logs/Microsoft-Windows-DSC%4Operational.evtx
2977436714eb389eaaf6e59ee0b3558432a8a8433e8cc8a3ecd124217b130c1b	69632	NABO2_20170520_174706/LiveResponseData/CopiedFiles/eventlogs/Logs/Microsoft-Windows-DateTimeControlPanel%4Operational.evtx
975742b818e6b4e3b75baa4a93dd2c7ffe68d6f3e8723577e04aeca988e3d494	69632	NABO2_20170520_174706/LiveResponseData/CopiedFiles/eventlogs/Logs/Microsoft-Windows-DeviceSync%4Operational.evtx
6da96abce9a19bd5dae99fea938940d2a1d526c4dd16f299162b8c84624ae6ff	69632	NABO2_20170520_174706/LiveResponseData/CopiedFiles/eventlogs/Logs/Microsoft-Windows-Dhcp-Client%4Admin.evtx
a8fba85a5774b95b8aaf35a14cbc69e1946d0c111575acb460243a0febf95a88	69632	NABO2_20170520_174706/LiveResponseData/CopiedFiles/eventlogs/Logs/Microsoft-Windows-DhcpNap%4Admin.evtx
bf080be082db4b8974d8e028481413efa49f12f795ccb05dea4cc15004241a0a	69632	NABO2_20170520_174706/LiveResponseData/CopiedFiles/eventlogs/Logs/Microsoft-Windows-Dhcpv6-Client%4Admin.evtx
a9e7e43ce9392944ca6d00078e18b5f3d527039385cbf2687395a04a192f4411	69632	NABO2_20170520_174706/LiveResponseData/CopiedFiles/eventlogs/Logs/Microsoft-Windows-Diagnosis-DPS%4Operational.evtx
b790c872a389511da32f190adf66f301283c86a7acbbbfcfe154c70858fae70d	69632	NABO2_20170520_174706/LiveResponseData/CopiedFiles/eventlogs/Logs/Microsoft-Windows-Diagnosis-PCW%4Operational.evtx
33e5a140a2b1a3525fe37cfefdd1470389fc2f552c984881fc80fc3cd4e5bed2	69632	NABO2_20170520_174706/LiveResponseData/CopiedFiles/eventlogs/Logs/Microsoft-Windows-Diagnosis-PLA%4Operational.evtx
c75b5ebe64d46ad2b00b1dbee996239fb71d9d845bc62523842baec1f8d64e6b	69632	NABO2_20170520_174706/LiveResponseData/CopiedFiles/eventlogs/Logs/Microsoft-Windows-Diagnosis-Scheduled%4Operational.evtx
2c438973f4773b0affce4855f7c03f7fe3054ec1cc1f3cfa4c5fba3c2c07a8ca	69632	NABO2_20170520_174706/LiveResponseData/CopiedFiles/eventlogs/Logs/Microsoft-Windows-Diagnosis-Scripted%4Admin.evtx
91ccaaacd39415092bb9631635dcf3cae87a75dfbdcaffb223e24da93f4b7c8b	69632	NABO2_20170520_174706/LiveResponseData/CopiedFiles/eventlogs/Logs/Microsoft-Windows-Diagnosis-Scripted%4Operational.evtx
b790c872a389511da32f190adf66f301283c86a7acbbbfcfe154c70858fae70d	69632	NABO2_20170520_174706/LiveResponseData/CopiedFiles/eventlogs/Logs/Microsoft-Windows-Diagnosis-ScriptedDiagnosticsProvider%4Operational.evtx
94f85f5e6be91fde3aa06e183db0186af98280a845097ae0a2ea24f50f67b85a	69632	NABO2_20170520_174706/LiveResponseData/CopiedFiles/eventlogs/Logs/Microsoft-Windows-Diagnostics-Networking%4Operational.evtx
a5777599a4fe8feaf4a110086dc4cd423bdf792970b77ed96494923d1bd6b014	69632	NABO2_20170520_174706/LiveResponseData/CopiedFiles/eventlogs/Logs/Microsoft-Windows-Diagnostics-Performance%4Operational.evtx
da0d84e2a53c1652f6790ef3427ed5802cb03ba1651ab3ed77dfc2f38ff7d081	69632	NABO2_20170520_174706/LiveResponseData/CopiedFiles/eventlogs/Logs/Microsoft-Windows-DiskDiagnostic%4Operational.evtx
1ec8cc112d81bc4a7ce702cea2b4ae1ad76194169061fda4cd23ef09fae8d1d7	69632	NABO2_20170520_174706/LiveResponseData/CopiedFiles/eventlogs/Logs/Microsoft-Windows-DiskDiagnosticDataCollector%4Operational.evtx
37720c1a14ef0be39d4e9cf76abab754bd8a06ecce5ebbf4dd85467942319b31	69632	NABO2_20170520_174706/LiveResponseData/CopiedFiles/eventlogs/Logs/Microsoft-Windows-DiskDiagnosticResolver%4Operational.evtx
d3556c9e7ea98e8c103683a387022b371311fc0faf5dbf3f39f696a708bfbb7d	1052672	NABO2_20170520_174706/LiveResponseData/CopiedFiles/eventlogs/Logs/Microsoft-Windows-DriverFrameworks-UserMode%4Operational.evtx
2504d2b1e7852fd75c7c8544c140e7169ee85ddae1eeaf22f0e81a70288b363b	69632	NABO2_20170520_174706/LiveResponseData/CopiedFiles/eventlogs/Logs/Microsoft-Windows-EapHost%4Operational.evtx
3a7b27bebf0c6bfeb7aaabc20188870e08bd22e1585aec5bc7582f9842937152	69632	NABO2_20170520_174706/LiveResponseData/CopiedFiles/eventlogs/Logs/Microsoft-Windows-EventCollector%4Operational.evtx
070883a3fc0332850459b8b398a8f9883ff05991e4fbf5832ede79031db11569	69632	NABO2_20170520_174706/LiveResponseData/CopiedFiles/eventlogs/Logs/Microsoft-Windows-FMS%4Operational.evtx
ec91403c8c77a78f8c57aaff8397c5865aee9589f034edb8d86ed187a0534a20	69632	NABO2_20170520_174706/LiveResponseData/CopiedFiles/eventlogs/Logs/Microsoft-Windows-Fault-Tolerant-Heap%4Operational.evtx
274d38f8a1ec2eb7153f10702dd6a9eb606df6fb1423103c9be358978e853f73	69632	NABO2_20170520_174706/LiveResponseData/CopiedFiles/eventlogs/Logs/Microsoft-Windows-Folder Redirection%4Operational.evtx
e0963f0fce7ff9f282f05108bc53f3a97fe06bf6d724c5eb3ae644c069e98e16	69632	NABO2_20170520_174706/LiveResponseData/CopiedFiles/eventlogs/Logs/Microsoft-Windows-Forwarding%4Operational.evtx
bd1ca31ccf2103e0f468d0555fda9bf0f8ff8b7111e9b43764e39a66b8c4da94	1118208	NABO2_20170520_174706/LiveResponseData/CopiedFiles/eventlogs/Logs/Microsoft-Windows-GroupPolicy%4Operational.evtx
a470d2a61e6fdcca72e3183e61439e4365cab715345f080393e126ab1107b0ad	69632	NABO2_20170520_174706/LiveResponseData/CopiedFiles/eventlogs/Logs/Microsoft-Windows-Help%4Operational.evtx
572be7c14570d707e1f7d6a52a5d353f3911dfb8d5bb01d07b3ef915f188a933	69632	NABO2_20170520_174706/LiveResponseData/CopiedFiles/eventlogs/Logs/Microsoft-Windows-HomeGroup Control Panel%4Operational.evtx
9f0ba2530497c227f475b2cecfe1ce4ffa64823404aeea8851886368c5ae9d32	69632	NABO2_20170520_174706/LiveResponseData/CopiedFiles/eventlogs/Logs/Microsoft-Windows-HomeGroup Listener Service%4Operational.evtx
bf744ce1c4f94a8aa9cf290ccde1c5ca9f6700d1502b7f2d6d3f633c3a5af151	69632	NABO2_20170520_174706/LiveResponseData/CopiedFiles/eventlogs/Logs/Microsoft-Windows-HomeGroup Provider Service%4Operational.evtx
015332124e53e8411591fe7bc452043edd04fa2d87a4a17752f1cc8472d4213e	69632	NABO2_20170520_174706/LiveResponseData/CopiedFiles/eventlogs/Logs/Microsoft-Windows-IKE%4Operational.evtx
411e5788fb4654e5e6666af2ad072f4e8da07568f7521e4eb2f821524dce9266	69632	NABO2_20170520_174706/LiveResponseData/CopiedFiles/eventlogs/Logs/Microsoft-Windows-International%4Operational.evtx
86d18870f1960544406d23c49cdfb1907bd9dd3c8c5f5c6b92d099efd547ad9e	69632	NABO2_20170520_174706/LiveResponseData/CopiedFiles/eventlogs/Logs/Microsoft-Windows-International-RegionalOptionsControlPanel%4Operational.evtx
b5f49c94a807f0afadfe20efd6743bf9f7a53cee61a67ba0b40825dde9039f9c	69632	NABO2_20170520_174706/LiveResponseData/CopiedFiles/eventlogs/Logs/Microsoft-Windows-Iphlpsvc%4Operational.evtx
7b3652f20d8e4e16665233864bb170a702652684b7b8826f5431e631d9088b98	69632	NABO2_20170520_174706/LiveResponseData/CopiedFiles/eventlogs/Logs/Microsoft-Windows-Kernel-EventTracing%4Admin.evtx
b790c872a389511da32f190adf66f301283c86a7acbbbfcfe154c70858fae70d	69632	NABO2_20170520_174706/LiveResponseData/CopiedFiles/eventlogs/Logs/Microsoft-Windows-Kernel-Power%4Thermal-Operational.evtx
e8204f855acba753fd0d0939ea297c9720ef14f6cd12768d66b0040665215aef	69632	NABO2_20170520_174706/LiveResponseData/CopiedFiles/eventlogs/Logs/Microsoft-Windows-Kernel-StoreMgr%4Operational.evtx
ee99a1d7ab7411a8d5cac573bc0f0d4368d5d1abed0abe14b60d113e269cb85c	69632	NABO2_20170520_174706/LiveResponseData/CopiedFiles/eventlogs/Logs/Microsoft-Windows-Kernel-WDI%4Operational.evtx
04522e2253db0214c948363ebf360837ef9c55bb0e03db710ad3994324842053	69632	NABO2_20170520_174706/LiveResponseData/CopiedFiles/eventlogs/Logs/Microsoft-Windows-Kernel-WHEA%4Errors.evtx
7ccffee9ff2dacd39f1df76d9a0b1c7784106e79461aed96c677d796fe1afc7c	1052672	NABO2_20170520_174706/LiveResponseData/CopiedFiles/eventlogs/Logs/Microsoft-Windows-Kernel-WHEA%4Operational.evtx
c44b62f4e0c8a8343154700914675e360abde60f7fa5bfe1fe041724fea6abac	69632	NABO2_20170520_174706/LiveResponseData/CopiedFiles/eventlogs/Logs/Microsoft-Windows-Known Folders API Service.evtx
2a06701184d701f276e9271ed5a5ca573af475ef8221461fbd67530d9f12eb9d	69632	NABO2_20170520_174706/LiveResponseData/CopiedFiles/eventlogs/Logs/Microsoft-Windows-LanguagePackSetup%4Operational.evtx
cd69cc995ba144d0d8ac38b0ae76fd11cb3dafb6b392fbb8c08539626a71713a	69632	NABO2_20170520_174706/LiveResponseData/CopiedFiles/eventlogs/Logs/Microsoft-Windows-MCT%4Operational.evtx
f4176c2530b486c5f4545c17b5a67f823c77a5a87621e8aab77c693fbea6da4f	69632	NABO2_20170520_174706/LiveResponseData/CopiedFiles/eventlogs/Logs/Microsoft-Windows-MUI%4Admin.evtx
270f10be097f7aa42f7043e7a8f07343edb597b06987cdc9a2bbbf56e0e9827f	69632	NABO2_20170520_174706/LiveResponseData/CopiedFiles/eventlogs/Logs/Microsoft-Windows-MUI%4Operational.evtx
fe11e8d1f49fe27663c5fceed274535b126a1f99518b388a2b61bb10d258221b	69632	NABO2_20170520_174706/LiveResponseData/CopiedFiles/eventlogs/Logs/Microsoft-Windows-MemoryDiagnostics-Results%4Debug.evtx
92cc9ca31e5680a872b581b4166bb6af3366d40bad3dc4acc1e56dde59bc362e	69632	NABO2_20170520_174706/LiveResponseData/CopiedFiles/eventlogs/Logs/Microsoft-Windows-NCSI%4Operational.evtx
8c18db38cea43e71b0fc9b51d8a0e2d3884580a89e05cf4a975128f90d2fa495	69632	NABO2_20170520_174706/LiveResponseData/CopiedFiles/eventlogs/Logs/Microsoft-Windows-NTLM%4Operational.evtx
c4a4109cb416f23aecbe8c91c83ea906db16ea9ad24eed9bb798ea0769a8b464	69632	NABO2_20170520_174706/LiveResponseData/CopiedFiles/eventlogs/Logs/Microsoft-Windows-NetworkAccessProtection%4Operational.evtx
b65896006f7df3dab5535d7e818e18215925977bb81ec58e97a6853ca2697388	69632	NABO2_20170520_174706/LiveResponseData/CopiedFiles/eventlogs/Logs/Microsoft-Windows-NetworkAccessProtection%4WHC.evtx
5aa882e0a752b44d4d0dc94a3f0730c16368e9052b9731998e5dac03a744251d	69632	NABO2_20170520_174706/LiveResponseData/CopiedFiles/eventlogs/Logs/Microsoft-Windows-NetworkLocationWizard%4Operational.evtx
67b6dfdc3c95e7e4630fd0b84ec6e008dacd75876166803b328d853510fb1c53	69632	NABO2_20170520_174706/LiveResponseData/CopiedFiles/eventlogs/Logs/Microsoft-Windows-NetworkProfile%4Operational.evtx
ec317222b4d488e662da93f38c49ab263b38cb9dee7b7c42bb2f36c928fac727	69632	NABO2_20170520_174706/LiveResponseData/CopiedFiles/eventlogs/Logs/Microsoft-Windows-NlaSvc%4Operational.evtx
9dc8521b465f8a081bb2dc4285ebfb86948a70aa0dce667eee96172894d336d0	69632	NABO2_20170520_174706/LiveResponseData/CopiedFiles/eventlogs/Logs/Microsoft-Windows-OfflineFiles%4Operational.evtx
4d1b525824d5097406289dcc5c9c771f74cc185ca1994cd859d6bcaecdc5046b	69632	NABO2_20170520_174706/LiveResponseData/CopiedFiles/eventlogs/Logs/Microsoft-Windows-ParentalControls%4Operational.evtx
cdca7b2c29f71ca06968dfa39912f73d6ef90eabd4c9bee5fee7e0d46d86afbd	69632	NABO2_20170520_174706/LiveResponseData/CopiedFiles/eventlogs/Logs/Microsoft-Windows-PeopleNearMe%4Operational.evtx
4350e985358adcfc344d097d3592b57eed89ab220f5bf339d66dce3cbd188062	69632	NABO2_20170520_174706/LiveResponseData/CopiedFiles/eventlogs/Logs/Microsoft-Windows-PowerShell%4Admin.evtx
1d1d9fc7bd0a196134321cedff00f6d7b790c927e800a4d50844d7f4b8338eb3	1118208	NABO2_20170520_174706/LiveResponseData/CopiedFiles/eventlogs/Logs/Microsoft-Windows-PowerShell%4Operational.evtx
2418ce8ddcb3a537c7c45c48df9e2585c2f5b77babc561843f8160200c3f7019	69632	NABO2_20170520_174706/LiveResponseData/CopiedFiles/eventlogs/Logs/Microsoft-Windows-PowerShell-DesiredStateConfiguration-FileDownloadManager%4Operational.evtx
c044ff4db523d639b7457936a9eb10628f2741d6e60e0a3c765388b87fa026ef	69632	NABO2_20170520_174706/LiveResponseData/CopiedFiles/eventlogs/Logs/Microsoft-Windows-PrintService%4Admin.evtx
74d30bc4d8af9199feea85f28bf8773537d18d3d1edc1be558d27083832516fb	69632	NABO2_20170520_174706/LiveResponseData/CopiedFiles/eventlogs/Logs/Microsoft-Windows-ReadyBoost%4Operational.evtx
d158c375d510c1b1874dbc78bf89615fa065a173dfaef96068d2fd4395128a8c	69632	NABO2_20170520_174706/LiveResponseData/CopiedFiles/eventlogs/Logs/Microsoft-Windows-ReadyBoostDriver%4Operational.evtx
69c48f5a5acea7011f6dc8a5add63450c0c35726504182771b8805fbc529a9d2	69632	NABO2_20170520_174706/LiveResponseData/CopiedFiles/eventlogs/Logs/Microsoft-Windows-Recovery%4Operational.evtx
3b86d08b2ab74e175ba9f84f88543e70743a830ca0441126b8ceff873dbe072b	69632	NABO2_20170520_174706/LiveResponseData/CopiedFiles/eventlogs/Logs/Microsoft-Windows-ReliabilityAnalysisComponent%4Operational.evtx
997a20aa95bd936836000783d818555eef748198b34dbc28989473dd4f9d3e68	69632	NABO2_20170520_174706/LiveResponseData/CopiedFiles/eventlogs/Logs/Microsoft-Windows-RemoteApp and Desktop Connections%4Admin.evtx
2e348416783ae13c860074df54a6575124f350d3b3e4f5dfd991917cd5123487	69632	NABO2_20170520_174706/LiveResponseData/CopiedFiles/eventlogs/Logs/Microsoft-Windows-RemoteAssistance%4Admin.evtx
f99998b020809b412a8d0046da0c3a7494f88d2765e126c018e75f045b27953d	69632	NABO2_20170520_174706/LiveResponseData/CopiedFiles/eventlogs/Logs/Microsoft-Windows-RemoteAssistance%4Operational.evtx
d359df4f025375f197f7bd89bcd088ba89643029efb0080b41785d9d0344cfd6	69632	NABO2_20170520_174706/LiveResponseData/CopiedFiles/eventlogs/Logs/Microsoft-Windows-RemoteDesktopServices-RdpCoreTS%4Admin.evtx
e7b417898942360a592a70194a6658c6029950266db4047c13d8edf2680c1673	69632	NABO2_20170520_174706/LiveResponseData/CopiedFiles/eventlogs/Logs/Microsoft-Windows-RemoteDesktopServices-RdpCoreTS%4Operational.evtx
1d20f30786d7d619195fd58234003c2a1780f4c8d1a7418d7c8aa11c20a108e4	69632	NABO2_20170520_174706/LiveResponseData/CopiedFiles/eventlogs/Logs/Microsoft-Windows-Resource-Exhaustion-Detector%4Operational.evtx
29c72f650430098f364f62b287107cf08f20423b2e1ff616c0859996d6e43496	69632	NABO2_20170520_174706/LiveResponseData/CopiedFiles/eventlogs/Logs/Microsoft-Windows-Resource-Exhaustion-Resolver%4Operational.evtx
d4b0468236cc0aebd2d03c89ebbcbfeb2d260ca4cd45d8a3af8202cf3f15321e	69632	NABO2_20170520_174706/LiveResponseData/CopiedFiles/eventlogs/Logs/Microsoft-Windows-Resource-Leak-Diagnostic%4Operational.evtx
198ef6258d0222cfe1637834f80eb03ee80ca1a728583c9bbf7dbde0040bc3da	69632	NABO2_20170520_174706/LiveResponseData/CopiedFiles/eventlogs/Logs/Microsoft-Windows-RestartManager%4Operational.evtx
b9437ee779fa40c2d418ef42c5192ef29e1083673254d84f19a8640ff2be31b0	69632	NABO2_20170520_174706/LiveResponseData/CopiedFiles/eventlogs/Logs/Microsoft-Windows-Security-Audit-Configuration-Client%4Operational.evtx
73d5520e44e6c31ae72b97c52d45e63e94d9cb8c2c7a0e0f7178073a7cf9ca4a	67112960	NABO2_20170520_174706/LiveResponseData/CopiedFiles/eventlogs/Logs/Microsoft-Windows-Sysmon%4Operational.evtx
5ef2d4685cc1779d6161e521bee717674cf1d3cbf0a6a2efe05f7e7d62829088	69632	NABO2_20170520_174706/LiveResponseData/CopiedFiles/eventlogs/Logs/Microsoft-Windows-TZUtil%4Operational.evtx
ac6a88246d03e6f7afdfc004b20c57e362c6fffc88c0413fd61f948244a64e89	1118208	NABO2_20170520_174706/LiveResponseData/CopiedFiles/eventlogs/Logs/Microsoft-Windows-TaskScheduler%4Operational.evtx
d8c724cf77f69c779c66756cba29b641e976b42b44518a87e272e68362397302	69632	NABO2_20170520_174706/LiveResponseData/CopiedFiles/eventlogs/Logs/Microsoft-Windows-TerminalServices-ClientUSBDevices%4Admin.evtx
bd866cfcdc6d4465cdb5b8a3f473535135d8d4a18dbbe553c35812c077d478fe	69632	NABO2_20170520_174706/LiveResponseData/CopiedFiles/eventlogs/Logs/Microsoft-Windows-TerminalServices-ClientUSBDevices%4Operational.evtx
d2791f7d78fcb8b0875266b69053014d81d38cc75e031952cb4dade1adb9d1b4	69632	NABO2_20170520_174706/LiveResponseData/CopiedFiles/eventlogs/Logs/Microsoft-Windows-TerminalServices-LocalSessionManager%4Admin.evtx
2816fb68a13673bb29c9de231f84b40a0d223320ccca2ce1708b3d22d8abdd55	69632	NABO2_20170520_174706/LiveResponseData/CopiedFiles/eventlogs/Logs/Microsoft-Windows-TerminalServices-LocalSessionManager%4Operational.evtx
a3c7ad980642f137a5a34cc903c58fb872d157a36278841dfe45ec08535e23e1	69632	NABO2_20170520_174706/LiveResponseData/CopiedFiles/eventlogs/Logs/Microsoft-Windows-TerminalServices-PnPDevices%4Admin.evtx
5cef1903fe1a227deb1cf2b2c3249dcdc6ecb322b765c2fd7bfb5f8133b87533	69632	NABO2_20170520_174706/LiveResponseData/CopiedFiles/eventlogs/Logs/Microsoft-Windows-TerminalServices-PnPDevices%4Operational.evtx
72cc3949919d2a7aca26a5b815b458af06fcf33742d945e74c2f6b2dfd310239	69632	NABO2_20170520_174706/LiveResponseData/CopiedFiles/eventlogs/Logs/Microsoft-Windows-TerminalServices-RDPClient%4Operational.evtx
b27ba7bb21bf226c2438ffd123b8a83685dc664390eff2beaa717a4d4e731287	69632	NABO2_20170520_174706/LiveResponseData/CopiedFiles/eventlogs/Logs/Microsoft-Windows-TerminalServices-RemoteConnectionManager%4Admin.evtx
5a9e8f1fc163d93bf1f6e4ffb80546875612fc09defb6d3834824c4894b09741	69632	NABO2_20170520_174706/LiveResponseData/CopiedFiles/eventlogs/Logs/Microsoft-Windows-TerminalServices-RemoteConnectionManager%4Operational.evtx
0911bf0e94fa966c4ec92def213108bba8c881960038c3e26b88773a936723d8	69632	NABO2_20170520_174706/LiveResponseData/CopiedFiles/eventlogs/Logs/Microsoft-Windows-TerminalServices-ServerUSBDevices%4Admin.evtx
e65878f0b80ef87a1403feb714ef0953ca5273e1b4acaf5b891b2f47cae82e68	69632	NABO2_20170520_174706/LiveResponseData/CopiedFiles/eventlogs/Logs/Microsoft-Windows-TerminalServices-ServerUSBDevices%4Operational.evtx
2b9e6bb4a612bc94d32378339fcd51b17315fde8a3ffc34567f2799fde1e4699	69632	NABO2_20170520_174706/LiveResponseData/CopiedFiles/eventlogs/Logs/Microsoft-Windows-UAC%4Operational.evtx
808dd1db37ef16aa505d3e2249c1c0168280f495824d3c8c634a370691c9a5a9	69632	NABO2_20170520_174706/LiveResponseData/CopiedFiles/eventlogs/Logs/Microsoft-Windows-UAC-FileVirtualization%4Operational.evtx
a4a8b2c50423b95c577fb661547a3efd09ad69c98802bf8675c7b8dcc43842ff	69632	NABO2_20170520_174706/LiveResponseData/CopiedFiles/eventlogs/Logs/Microsoft-Windows-User Profile Service%4Operational.evtx
2cb39d4d58d47169b0cd4985d08e7e8935e0ef450862a42290cbd0e338e05905	69632	NABO2_20170520_174706/LiveResponseData/CopiedFiles/eventlogs/Logs/Microsoft-Windows-VDRVROOT%4Operational.evtx
1fb795c4c459f57ffe47e25fc45f905d90a30a785bf70126321cc4d3ca3e75bc	69632	NABO2_20170520_174706/LiveResponseData/CopiedFiles/eventlogs/Logs/Microsoft-Windows-VHDMP%4Operational.evtx
300e2053c5e0f5c061d047ff958160ce8a41ceddf2395a9e4d9bb83e3a670d0a	69632	NABO2_20170520_174706/LiveResponseData/CopiedFiles/eventlogs/Logs/Microsoft-Windows-WER-Diag%4Operational.evtx
8c7ba51a5be0a8653cc1dd6ef72bbfeac2335514628278af88e3940e15a43e99	69632	NABO2_20170520_174706/LiveResponseData/CopiedFiles/eventlogs/Logs/Microsoft-Windows-WFP%4Operational.evtx
971a200bc973e0e94b3da4d2fc83dc06faf748942dce6ae4605d364e9bf82f3b	69632	NABO2_20170520_174706/LiveResponseData/CopiedFiles/eventlogs/Logs/Microsoft-Windows-WLAN-AutoConfig%4Operational.evtx
0115414b0357408456158dffc0633a18b3e665614d7f6dc175aa9b4a11d24b4b	1052672	NABO2_20170520_174706/LiveResponseData/CopiedFiles/eventlogs/Logs/Microsoft-Windows-WMI-Activity%4Operational.evtx
cb9fcb788c046df09df554d9e80bff5ff31c6362ee927bfdbefffa644f6bca05	69632	NABO2_20170520_174706/LiveResponseData/CopiedFiles/eventlogs/Logs/Microsoft-Windows-WPD-ClassInstaller%4Operational.evtx
4446c41ccc0c58029df0487a965b1365b0fe4f40cf10b0dee40374dd1e72811d	69632	NABO2_20170520_174706/LiveResponseData/CopiedFiles/eventlogs/Logs/Microsoft-Windows-WPD-CompositeClassDriver%4Operational.evtx
1f3e3053022f8d6d1f7068d6f3da063c3cd3eefbe7fc9fc058892399933483f5	69632	NABO2_20170520_174706/LiveResponseData/CopiedFiles/eventlogs/Logs/Microsoft-Windows-WPD-MTPClassDriver%4Operational.evtx
736a66b4dc345bc59d9980ed3632a720be40c4f9850966549bb8569eaca660f9	69632	NABO2_20170520_174706/LiveResponseData/CopiedFiles/eventlogs/Logs/Microsoft-Windows-WinRM%4Operational.evtx
5d812b3569edb03c72cb73f2bdc08405a48878ca6086e6cdcbcc66695fefc1b4	69632	NABO2_20170520_174706/LiveResponseData/CopiedFiles/eventlogs/Logs/Microsoft-Windows-Windows Defender%4Operational.evtx
b6159a8980979af0d261d1803195e16d6e18af59e6a975920fb3cfc8ae1b01c0	69632	NABO2_20170520_174706/LiveResponseData/CopiedFiles/eventlogs/Logs/Microsoft-Windows-Windows Defender%4WHC.evtx
db7818b7b545ece42f66c9aa4dfef2ac3437a00a162c810ca780aba483cf9889	69632	NABO2_20170520_174706/LiveResponseData/CopiedFiles/eventlogs/Logs/Microsoft-Windows-Windows Firewall With Advanced Security%4ConnectionSecurity.evtx
e6da747c47a9401dd79a067ea65efc20f7ef800b8f5972403e7ba13d950e5c44	1052672	NABO2_20170520_174706/LiveResponseData/CopiedFiles/eventlogs/Logs/Microsoft-Windows-Windows Firewall With Advanced Security%4Firewall.evtx
0c04ccf371a257f241cbbfa41d0901f2154d560c5c2436974c2a9d87f2d0d407	69632	NABO2_20170520_174706/LiveResponseData/CopiedFiles/eventlogs/Logs/Microsoft-Windows-WindowsBackup%4ActionCenter.evtx
ad77a1e648e30259511190e93cfb493bf214b879dc20e599a48cbce27a6ae841	1052672	NABO2_20170520_174706/LiveResponseData/CopiedFiles/eventlogs/Logs/Microsoft-Windows-WindowsSystemAssessmentTool%4Operational.evtx
874b3af330a47ad656c165fa03a1846a803a01403310a862c7f4e2580733bdf2	69632	NABO2_20170520_174706/LiveResponseData/CopiedFiles/eventlogs/Logs/Microsoft-Windows-WindowsUpdateClient%4Operational.evtx
b790c872a389511da32f190adf66f301283c86a7acbbbfcfe154c70858fae70d	69632	NABO2_20170520_174706/LiveResponseData/CopiedFiles/eventlogs/Logs/Microsoft-Windows-Winlogon%4Operational.evtx
8a600310d113bce8bf95861e8c68afe97003d9d8e3be5538c2a9fa0ae50fdf5a	69632	NABO2_20170520_174706/LiveResponseData/CopiedFiles/eventlogs/Logs/Microsoft-Windows-Winsock-WS2HELP%4Operational.evtx
d9f9d0eb2dc3ed00fd93433d208323cc3c7106c26e3f836d192b0a022a49b340	69632	NABO2_20170520_174706/LiveResponseData/CopiedFiles/eventlogs/Logs/Microsoft-Windows-Wired-AutoConfig%4Operational.evtx
ff0fda3e0271f856bf97b4c939687d4e27933de46d9c6cdf680b7c9659329e4b	69632	NABO2_20170520_174706/LiveResponseData/CopiedFiles/eventlogs/Logs/OAlerts.evtx
635fe24f893ee12d72383a7402ebd3b3e817bc837ed292138d0066fef62d645b	2166784	NABO2_20170520_174706/LiveResponseData/CopiedFiles/eventlogs/Logs/Security.evtx
2515ef91adafbc9aaea8b8aef56ab68cc88e3b8bf51624fd87b87fbe0692149f	69632	NABO2_20170520_174706/LiveResponseData/CopiedFiles/eventlogs/Logs/Setup.evtx
0278783961c1e50abe791a4ababb46cb7a7420c18605e224cad28977d8f0b46f	1118208	NABO2_20170520_174706/LiveResponseData/CopiedFiles/eventlogs/Logs/System.evtx
c9533e0845caa217d18258f5ea0638c0c494f7082c800c1e0b765bdd0f70406a	69632	NABO2_20170520_174706/LiveResponseData/CopiedFiles/eventlogs/Logs/ThinPrint Diagnostics.evtx
69975b3ff5aea8020f3eacf79bd19a3587d3006b8b2ec59ce000baba4a52912b	69632	NABO2_20170520_174706/LiveResponseData/CopiedFiles/eventlogs/Logs/Windows PowerShell.evtx
b790c872a389511da32f190adf66f301283c86a7acbbbfcfe154c70858fae70d	69632	NABO2_20170520_174706/LiveResponseData/CopiedFiles/eventlogs/Logs/microsoft-windows-RemoteDesktopServices-RemoteDesktopSessionManager%4Admin.evtx
73702ab34ec166805dabb6cb66be96131fbabc73095c3f4a351150e9e7cadea3	524288	NABO2_20170520_174706/LiveResponseData/CopiedFiles/firefox/antonio/cookies/cookies.sqlite
ae6b646912a0f29a4ee23c117e977adb94182b24dfe67727e3baf5e404dc1923	10485760	NABO2_20170520_174706/LiveResponseData/CopiedFiles/firefox/antonio/history/places.sqlite
1995e1d8e248bee3f2a6442c84a0a3492f8def5129ae5e8562be2fb99d79e2a3	524288	NABO2_20170520_174706/LiveResponseData/CopiedFiles/firefox/boniato/cookies/cookies.sqlite
63af7dd84c13371ba0482f270850e26d7b8446ecf9bcd1415f2b10bc7ad88b37	10485760	NABO2_20170520_174706/LiveResponseData/CopiedFiles/firefox/boniato/history/places.sqlite
9a9aa5001046b8d7e5fd963612d2c1b205fa941429e85a12a973281f08a74e3c	524288	NABO2_20170520_174706/LiveResponseData/CopiedFiles/firefox/nabo/cookies/cookies.sqlite
181fecadbac6e6612eacbce05a7678a48b758345a472037bb5f4baeaf8dc3a78	10485760	NABO2_20170520_174706/LiveResponseData/CopiedFiles/firefox/nabo/history/places.sqlite
371729f704a275f048505272131ebae5c8c0b2a4f1a3cc99926e8f91412fccc3	76074	NABO2_20170520_174706/LiveResponseData/CopiedFiles/forecopy_handy.log
2d6bdfb341be3a6234b24742377f93aa7c7cfb0d9fd64efa9282c87852e57085	824	NABO2_20170520_174706/LiveResponseData/CopiedFiles/hosts/hosts
835dcdd85cc5906ee99cedfc587e9b23d348201afb5ee7da291f71aa53581187	596	NABO2_20170520_174706/LiveResponseData/CopiedFiles/ie/antonio/Cookies/Low/antonio@at.atwola[1].txt
8bbd95426d3274e0ad10844f462425f14ce7b90ec8e0299e2b3fbf7ad27efe2c	1193	NABO2_20170520_174706/LiveResponseData/CopiedFiles/ie/antonio/Cookies/Low/antonio@fireeye[1].txt
a8522f650413ee07c2b69da7214be31277c828ec4f4309f5df0a7ad758a0fa7d	1013	NABO2_20170520_174706/LiveResponseData/CopiedFiles/ie/antonio/Cookies/Low/antonio@microsoft[1].txt
2b2288c4e78e289a0fafd4fb2f34b48b2f3e95d47b722f9d25a153cc29acf63c	823	NABO2_20170520_174706/LiveResponseData/CopiedFiles/ie/antonio/Cookies/Low/antonio@msn[1].txt
839499908f061de722710b66375fe29922b9fa5253c8dd7a560341d29b03c650	890	NABO2_20170520_174706/LiveResponseData/CopiedFiles/ie/antonio/Cookies/Low/antonio@www.msn[2].txt
291dd214fbf83eb60a98f2e049984fa0fef1cbd685b3cb95f0c3ff0a88596ed1	32768	NABO2_20170520_174706/LiveResponseData/CopiedFiles/ie/antonio/Cookies/Low/index.dat
30f4c6e2b455d7cdbbcc2eedae015373a608063e29359f90991e89dc7d6d6923	32768	NABO2_20170520_174706/LiveResponseData/CopiedFiles/ie/antonio/Cookies/index.dat
272fd14321c41886df9c344d2a1bb63a2953f49d30c6347a554ab49e3ccee5ab	32768	NABO2_20170520_174706/LiveResponseData/CopiedFiles/ie/antonio/cache/index.dat
d4906417e4c5932c2b18922e5a48ac55b3c4f93f865ae864ce9a449e77507512	49152	NABO2_20170520_174706/LiveResponseData/CopiedFiles/ie/antonio/history/index.dat
75d0b1743f61b76a35b1fedd32378837805de58d79fa950cb6e8164bfa72073a	16384	NABO2_20170520_174706/LiveResponseData/CopiedFiles/ie/boniato/Cookies/index.dat
7c2505cf5cd295dc1db557d1da0d5a731a0f94b89f5064e9100ac776bba746d7	32768	NABO2_20170520_174706/LiveResponseData/CopiedFiles/ie/boniato/cache/index.dat
75d0b1743f61b76a35b1fedd32378837805de58d79fa950cb6e8164bfa72073a	16384	NABO2_20170520_174706/LiveResponseData/CopiedFiles/ie/boniato/history/index.dat
75d0b1743f61b76a35b1fedd32378837805de58d79fa950cb6e8164bfa72073a	16384	NABO2_20170520_174706/LiveResponseData/CopiedFiles/ie/nabo/Cookies/Low/index.dat
75d0b1743f61b76a35b1fedd32378837805de58d79fa950cb6e8164bfa72073a	16384	NABO2_20170520_174706/LiveResponseData/CopiedFiles/ie/nabo/Cookies/index.dat
496296322306890d944da9e9ebc6f93ed2dd9c35ce41e23dffc52651b03cf0d6	32768	NABO2_20170520_174706/LiveResponseData/CopiedFiles/ie/nabo/cache/index.dat
8fa795b98d3b3e6bc24df0d52c12bb92082896dd914590f2b1ba4c1df78a266a	32768	NABO2_20170520_174706/LiveResponseData/CopiedFiles/ie/nabo/history/index.dat
75d0b1743f61b76a35b1fedd32378837805de58d79fa950cb6e8164bfa72073a	16384	NABO2_20170520_174706/LiveResponseData/CopiedFiles/ie/patata/Cookies/index.dat
f127e7284674fda68752e4ca8c73a170801bc1c832871a50ab74d6bb7bdf1a71	32768	NABO2_20170520_174706/LiveResponseData/CopiedFiles/ie/patata/cache/index.dat
d683a1e415054018bb98a9ecec14ab46c2268faaba6c910aa851a5df8d6b76e9	32768	NABO2_20170520_174706/LiveResponseData/CopiedFiles/ie/patata/history/index.dat
b8494cb33c1144fb55983bd6ee49bf349ea1ffb284e2cddf739be30d5545b8a3	67108864	NABO2_20170520_174706/LiveResponseData/CopiedFiles/logfile/$LogFile
f23a4e7c1546335ce95209707051ea22231036f3a30ebea019c0b52529388ee7	82837504	NABO2_20170520_174706/LiveResponseData/CopiedFiles/mft/$MFT
d9d7e7d0cc929d1b2006a21e866bf0ba2b2688716fa52eb4230d667936103b0d	28398	NABO2_20170520_174706/LiveResponseData/CopiedFiles/prefetch/AUDIODG.EXE-D0D776AC.pf
c8dacda3b45155177cb9848a7fe038373b76e89d4abe47d94fb038b577e3d060	334168	NABO2_20170520_174706/LiveResponseData/CopiedFiles/prefetch/AgAppLaunch.db
c9b36be3cff9694411af1717848b824c9310482f69c6b8dde4d14b28d898cf1a	1757252	NABO2_20170520_174706/LiveResponseData/CopiedFiles/prefetch/AgCx_S1_S-1-5-21-969672944-2748565473-3507282359-1105.snp.db
9da9212e1698083f566c4b495d01a9b779a3eeb73f3da0a4e91a2a3a1a0d2450	284482	NABO2_20170520_174706/LiveResponseData/CopiedFiles/prefetch/AgCx_SC4.db
db50b6901d3b9420f10cac0e9e4e69c5eb7c5af57ed8428afd336a86f958c489	642567	NABO2_20170520_174706/LiveResponseData/CopiedFiles/prefetch/AgGlFaultHistory.db
3144b6df725a932a4b451650c89771c4444971cf638577cdd759612835bbdb7b	931630	NABO2_20170520_174706/LiveResponseData/CopiedFiles/prefetch/AgGlFgAppHistory.db
67d5ebac62e51c747a4f74f62d3f8be1c8587abb9a66429ea9ec86c4782a5be3	3102311	NABO2_20170520_174706/LiveResponseData/CopiedFiles/prefetch/AgGlGlobalHistory.db
216dd00b5a4a3b7ea6cf83f4239a7a036ec62606f64b01180af6f346b159d065	713088	NABO2_20170520_174706/LiveResponseData/CopiedFiles/prefetch/AgGlUAD_P_S-1-5-21-1069686661-1502955642-192803181-1000.db
dfa31032ec1d8d196b7ffdfad9258211b98c5ab12eb196160e0ad64a8508d1c0	849444	NABO2_20170520_174706/LiveResponseData/CopiedFiles/prefetch/AgGlUAD_P_S-1-5-21-969672944-2748565473-3507282359-1108.db
8d9d4d870037fafd0d7fc95ab8338afdad2d3206cae9ceab284bd4d5f6453108	250049	NABO2_20170520_174706/LiveResponseData/CopiedFiles/prefetch/AgGlUAD_S-1-5-21-1069686661-1502955642-192803181-1000.db
f1bb780178282cb9b2c8cb209b9f32c92e307b4184770e1622b8280e904cbf0a	250372	NABO2_20170520_174706/LiveResponseData/CopiedFiles/prefetch/AgGlUAD_S-1-5-21-969672944-2748565473-3507282359-1108.db
97e903a73a68641e6e2c0bbb8622a7abb5f88b6c8734dfb65ca78ad09a620e42	602576	NABO2_20170520_174706/LiveResponseData/CopiedFiles/prefetch/AgRobust.db
fdcef7353a0cbc1aca99605067b199f5b027c8d861a6fdb1e337952083da036f	17860	NABO2_20170520_174706/LiveResponseData/CopiedFiles/prefetch/BCSSYNC.EXE-861DE060.pf
8749c04b7ed502c4f5a1c0b6d1430f8dd7b23f94d98e2c78d84f0c9a068bedb1	65470	NABO2_20170520_174706/LiveResponseData/CopiedFiles/prefetch/CMD.EXE-89305D47.pf
bdcf31498452096fae2145f60a9e52780c9d3064ffd6b79d1b16fac2e0a2a684	17178	NABO2_20170520_174706/LiveResponseData/CopiedFiles/prefetch/CONHOST.EXE-3218E401.pf
efdd3a3123e5057217da1b958b8c3ab9aa767737827dddf6d2780bc36d6e8570	216606	NABO2_20170520_174706/LiveResponseData/CopiedFiles/prefetch/CONSENT.EXE-65F6206D.pf
a0c905d4c596124b6f5ac0d3ee441a97418fb5c3f4d372a250344fbb57290a65	128460	NABO2_20170520_174706/LiveResponseData/CopiedFiles/prefetch/CONTROL.EXE-9459D5A0.pf
fa000ecbd498ef0f8522126a0b362784e91b3fe27b83e1d4d7e3b573aedf93be	51254	NABO2_20170520_174706/LiveResponseData/CopiedFiles/prefetch/CSC.EXE-6F2C7122.pf
1a33d5e5b064fdd40c64cd9d4b77b2b2b1ab2fdbbf41fddc68be96fbd3bd954f	78354	NABO2_20170520_174706/LiveResponseData/CopiedFiles/prefetch/CSCRIPT.EXE-E4C98DEB.pf
c4751bd70618447c75a14cf6903083d58a1b48a3d4f960a812e45da13e9b73be	12248	NABO2_20170520_174706/LiveResponseData/CopiedFiles/prefetch/CVTRES.EXE-6280F3A8.pf
3145451fa314bb178a11a82a17ee87ccd8167ef792529e98c2344e668889b0e0	20054	NABO2_20170520_174706/LiveResponseData/CopiedFiles/prefetch/DEFRAG.EXE-738093E8.pf
4bffc8d55606b5c0cffb0117d47a0b106f5d02c9eaf036aa904ea7a264caa153	19664	NABO2_20170520_174706/LiveResponseData/CopiedFiles/prefetch/DLLHOST.EXE-05B73590.pf
d11323eeddb9b5a0d7e8f5ae453e3dee3b131e07a811634c724a01eb89d447b6	376608	NABO2_20170520_174706/LiveResponseData/CopiedFiles/prefetch/DLLHOST.EXE-71214090.pf
a65cf7d1d6fe6363eca532d13337ebe9b2ead77223f0167917d722bfab51640c	20644	NABO2_20170520_174706/LiveResponseData/CopiedFiles/prefetch/DLLHOST.EXE-893DDF55.pf
9bf4432a867f6fdbdd4f6afb0a54cdc9578d4ca10b7604d5a4d5e432727bbf87	179940	NABO2_20170520_174706/LiveResponseData/CopiedFiles/prefetch/DLLHOST.EXE-FF915DF9.pf
d068e63a2a82987f75684e4ed8ec211942d25f3d355d4924c6f8af1eae5be98b	72036	NABO2_20170520_174706/LiveResponseData/CopiedFiles/prefetch/DRVINST.EXE-5F8E77CD.pf
6f6853a9e0f912d13050fefb732d257abae0e93e033c8c11e7eaaae467349d92	225944	NABO2_20170520_174706/LiveResponseData/CopiedFiles/prefetch/FIREFOX.EXE-FBBD985A.pf
65c90e2d2996bfe3c20952634112e0ef0dac51f2d9b7331f9c5a9ba71a6b088b	42118	NABO2_20170520_174706/LiveResponseData/CopiedFiles/prefetch/HELPER.EXE-90C71FD1.pf
b0bec822e53f4488b24e3d736e1ebfb7535d33811995812ee88e7f738c4f4f10	12984	NABO2_20170520_174706/LiveResponseData/CopiedFiles/prefetch/IPCONFIG.EXE-62724FE6.pf
8edf54f239616e2b200a875454d15c5fd85d160ba448d85ec38e5deae8686335	97214	NABO2_20170520_174706/LiveResponseData/CopiedFiles/prefetch/LOGONUI.EXE-1BEE4A84.pf
0e697ab14fc7323cdb3b4837454c5013ae8211cc9cc7a5241747a985b9fb4ebf	599586	NABO2_20170520_174706/LiveResponseData/CopiedFiles/prefetch/Layout.ini
56a2878cfd7c836c6663d6fcef4ba802e803228d0ce4c66bdb74b505db191524	463706	NABO2_20170520_174706/LiveResponseData/CopiedFiles/prefetch/MMC.EXE-249CE46C.pf
e231380dd6ccbd045967e48935b70ee7d490d16edbeb13c5a93b38a9bab3391d	9530	NABO2_20170520_174706/LiveResponseData/CopiedFiles/prefetch/MORE.COM-9B8170C3.pf
ea405463eebf2e17bc19b306f4d5b6861b862efed3cea16986edfae7ae56dd10	5450	NABO2_20170520_174706/LiveResponseData/CopiedFiles/prefetch/MPCMDRUN.EXE-BB72ED6F.pf
7bdfb9e3b9c061925d1869f421e32f28d1168b4e61ac54ee13edf9fef763f36e	168052	NABO2_20170520_174706/LiveResponseData/CopiedFiles/prefetch/MSCORSVW.EXE-657DC389.pf
81910e84ecec727de65e7a85646e43b5e672ed2cf244cb09b802a60c3a86773c	14432	NABO2_20170520_174706/LiveResponseData/CopiedFiles/prefetch/MSCORSVW.EXE-98F0699A.pf
210589eb561d29f43952ef7106575863b064b7cdeee0d45a8b2b277c10e15c87	181308	NABO2_20170520_174706/LiveResponseData/CopiedFiles/prefetch/MSCORSVW.EXE-C735E247.pf
3d62be26381acebc2f0d0171ec382c2eb9f567585e6c23cc4db80d486b2629e6	17984	NABO2_20170520_174706/LiveResponseData/CopiedFiles/prefetch/MSCORSVW.EXE-FAA88858.pf
e88f44356825b04fb1693161909dc5fe340811685fbbaaa5c94a4cbe428c2a15	29092	NABO2_20170520_174706/LiveResponseData/CopiedFiles/prefetch/MSDTC.EXE-183EA32A.pf
822a03d9607559b5db65aefb39632419f61c01d980835dfc61366e12969e6142	261788	NABO2_20170520_174706/LiveResponseData/CopiedFiles/prefetch/MSIEXEC.EXE-B5AFA339.pf
e7e4eab8492d7709004d67064cd230548182280cf860df84bf08d10af81b3157	155822	NABO2_20170520_174706/LiveResponseData/CopiedFiles/prefetch/MSIEXEC.EXE-F3744DFD.pf
f96338b4d50c76bc63e58bd5d87ef97b635aa48bde134d6f18d802fc7a42f483	19206	NABO2_20170520_174706/LiveResponseData/CopiedFiles/prefetch/NET.EXE-1DF3A2F6.pf
a3327841147a6a89f6d2880a5b6a39e1ac83b67154ef6093c7561f9817115b62	14448	NABO2_20170520_174706/LiveResponseData/CopiedFiles/prefetch/NGEN.EXE-3A240585.pf
68a76da8ca8aceb7409b025a48082c91d1a5c8e0bbf630c2e7f1cb8f8f37272d	22156	NABO2_20170520_174706/LiveResponseData/CopiedFiles/prefetch/NGEN.EXE-DEAF5A03.pf
86245c229d903a35f0a64620367253ada2e4b8728d16a3e2cf848620236d829d	22198	NABO2_20170520_174706/LiveResponseData/CopiedFiles/prefetch/NOTEPAD.EXE-EB1B961A.pf
d9d586568672faaaad44626d221e04f4d08d63b39381b7ac7267b4067554459e	1821568	NABO2_20170520_174706/LiveResponseData/CopiedFiles/prefetch/NTOSBOOT-B00DFAAD.pf
0e8d9ca59b2d70015c07ff5a539c1212400b3098fa7f73c347873be08f6f8b6a	13362	NABO2_20170520_174706/LiveResponseData/CopiedFiles/prefetch/PING.EXE-B29F6629.pf
7189aaddcfe0e131a81c950584aa8cdc6d6b68271de87f31b27af395015c3d70	6128	NABO2_20170520_174706/LiveResponseData/CopiedFiles/prefetch/POWERCFG.EXE-37D2B69C.pf
ca44c852aabab9df7e6719cbf59c52bd5c07a99a57dc6643fad243e67df6abf7	207752	NABO2_20170520_174706/LiveResponseData/CopiedFiles/prefetch/POWERSHELL.EXE-59FC8F3D.pf
4c5490080d6dc65e6c978d14d38ec241ad45b0450f3498b0037eaf0608136330	24094	NABO2_20170520_174706/LiveResponseData/CopiedFiles/prefetch/REGEDIT.EXE-4748FE01.pf
1952d5d36fadc34f2862d6cb41b2ec650abc794eaa6701052c050c2503c108a9	81536	NABO2_20170520_174706/LiveResponseData/CopiedFiles/prefetch/REGSVR32.EXE-55A4EE79.pf
bd83f9b7a0adc246eff63247a2c60cc649c918e7ca60f1680544a35b5573b87f	199134	NABO2_20170520_174706/LiveResponseData/CopiedFiles/prefetch/RUNDLL32.EXE-125D4518.pf
f46ee7a1ac80a60d43a5f298ef04a20ea536543b3f260107b3f5143158511a47	9212	NABO2_20170520_174706/LiveResponseData/CopiedFiles/prefetch/RUNDLL32.EXE-AFD98684.pf
b3f6b66a94c2f0d600dede48acd1eefbacefc4e81a9d01c77c834a95d80ea00a	203430	NABO2_20170520_174706/LiveResponseData/CopiedFiles/prefetch/RUNDLL32.EXE-F452D79D.pf
2539323f95911f4eb5d9b538cb8aa740a120cd70df56053916f7dcb7cd2eda2d	2125999	NABO2_20170520_174706/LiveResponseData/CopiedFiles/prefetch/ReadyBoot/Trace1.fx
dff03506e8c13f4b588ec9824db94d04a6569a0930f9238ad8a83f3c090c57b6	2176899	NABO2_20170520_174706/LiveResponseData/CopiedFiles/prefetch/ReadyBoot/Trace10.fx
24828a1990d62de08ff2cb2bf6d3dc832408ffde6b28c376a91c1894bdcd0127	2173439	NABO2_20170520_174706/LiveResponseData/CopiedFiles/prefetch/ReadyBoot/Trace2.fx
ffd2d7c7cffee70035763e2cc7b7516f3c6c08c3383ff2ccc7af8acdb9077c5b	2681783	NABO2_20170520_174706/LiveResponseData/CopiedFiles/prefetch/ReadyBoot/Trace3.fx
7ea0b605f8d7977556da76746ec69548bbcb81d66fabfe6a802b0e981acd3df9	2079647	NABO2_20170520_174706/LiveResponseData/CopiedFiles/prefetch/ReadyBoot/Trace4.fx
3819c8fe1adb723f12791a16cd95c6b60c40f1b9b246b6f8c4c64025f3c7ba94	145116	NABO2_20170520_174706/LiveResponseData/CopiedFiles/prefetch/SDIAGNHOST.EXE-67CD1457.pf
1029275c3fbff4597093b051044d14180f0064fba71bf3a1257f1a8f1b04d4a6	19422	NABO2_20170520_174706/LiveResponseData/CopiedFiles/prefetch/SEARCHFILTERHOST.EXE-AA7A1FDD.pf
d2f63dea97547481dd4d6ca063739dec9ecbea980b7596d99d1b78ce4d2155c4	177214	NABO2_20170520_174706/LiveResponseData/CopiedFiles/prefetch/SEARCHPROTOCOLHOST.EXE-AFAD3EF9.pf
428d9a2f9c92c2851e4aa5954a7474344d9faedb32c0eb85476bb48008f51452	115654	NABO2_20170520_174706/LiveResponseData/CopiedFiles/prefetch/SLUI.EXE-A65918C4.pf
ae0cbddd017ede04f2704f83bbd6a06dbcc5de3eca053eef748b1e5802b9f870	70982	NABO2_20170520_174706/LiveResponseData/CopiedFiles/prefetch/SPPSVC.EXE-CBE91656.pf
8bd266b98d1b4028446d15642c11660eafe084508e04e6d43eefba298a90da64	230290	NABO2_20170520_174706/LiveResponseData/CopiedFiles/prefetch/SVCHOST.EXE-135A30D8.pf
8579ff6f989bc2ff83f649bb0dafe0a3adc8a457e2419ce3ab1a1623b8ad971d	272046	NABO2_20170520_174706/LiveResponseData/CopiedFiles/prefetch/SVCHOST.EXE-18D06B2E.pf
b03db5c0fe83da506f657f5a38b714b2941187e73d163a44e5203fb4a08412cb	16568	NABO2_20170520_174706/LiveResponseData/CopiedFiles/prefetch/SVCHOST.EXE-8DA0BAAD.pf
9b3b7db8e79956de7ffde54cac7f4f2bff6e4dea185a1d25c1bbab7435dcba0b	20138	NABO2_20170520_174706/LiveResponseData/CopiedFiles/prefetch/SVCHOST.EXE-8FD92526.pf
6e84d31e3c422e062d834879505f56f71cc3946d073b229eb64cca7e715a080e	210520	NABO2_20170520_174706/LiveResponseData/CopiedFiles/prefetch/SVCHOST.EXE-93CEEE07.pf
80b0fe503b7e947aba9658859f78b95ba9fd81a02e7ce1ee5329a61871cb8481	25456	NABO2_20170520_174706/LiveResponseData/CopiedFiles/prefetch/SYSMON.EXE-C8F28CA2.pf
59de6ee71ecbcb1d0865d917f635d85c11e3a545adf30349b6413165a8a9480b	36586	NABO2_20170520_174706/LiveResponseData/CopiedFiles/prefetch/SYSTEMPROPERTIESADVANCED.EXE-AA165DFB.pf
214995e9466497d227c447270f73340bdd1538635e7502f8bd8c50c21a37fc39	232844	NABO2_20170520_174706/LiveResponseData/CopiedFiles/prefetch/TASKHOST.EXE-437C05A8.pf
0c73a2273f629eb61b46a74ed1456d6628267bd8dfae27ff14042d346f0661ae	147946	NABO2_20170520_174706/LiveResponseData/CopiedFiles/prefetch/TRUSTEDINSTALLER.EXE-031B6478.pf
e13c7bb07659b8d8a05e760eaa3953667ff3e3d0d77950eab59037f599a49f5e	200128	NABO2_20170520_174706/LiveResponseData/CopiedFiles/prefetch/USERINIT.EXE-F39AB672.pf
43ca8c596d5ad8b77dd3285351bb487b269e79baa3ea48a6eca8794d9d895526	12624	NABO2_20170520_174706/LiveResponseData/CopiedFiles/prefetch/VGHKFSRLR.EXE-00A23BA8.pf
f844e949996b45dae8e42cbd72a178b2a6fc52932b6a3185ed8c252fc5c1cdc7	12624	NABO2_20170520_174706/LiveResponseData/CopiedFiles/prefetch/VGHKFSRLR.EXE-05FDFB61.pf
82f265e89652e9bfdf31ab905d4e96655d3bc163c8ac6bf040842aff98f5d458	12624	NABO2_20170520_174706/LiveResponseData/CopiedFiles/prefetch/VGHKFSRLR.EXE-062B1824.pf
728a70931026aa302bf5b0eef5ecba67930248da8f16a1ad18dd83dd0e478337	12624	NABO2_20170520_174706/LiveResponseData/CopiedFiles/prefetch/VGHKFSRLR.EXE-0C9A6D17.pf
93a51008677345209f7aea37b6c75cda5ff75c6459ba2db4353d49352b638cf0	12624	NABO2_20170520_174706/LiveResponseData/CopiedFiles/prefetch/VGHKFSRLR.EXE-0CF541DA.pf
a44f2dc0222c57921910e870fc10f33079c95825ce25f904edd85aec7dd39ea6	12624	NABO2_20170520_174706/LiveResponseData/CopiedFiles/prefetch/VGHKFSRLR.EXE-11165260.pf
2850ccdb447189f42362ead5ba705f1e15697e457a6fc1c1052f8161d9fe4add	12588	NABO2_20170520_174706/LiveResponseData/CopiedFiles/prefetch/VGHKFSRLR.EXE-1613B1A0.pf
be6d0b1e73fda18e688f34ea4251998b1fbc794efa95ec9c291cd52ac9d2f117	12672	NABO2_20170520_174706/LiveResponseData/CopiedFiles/prefetch/VGHKFSRLR.EXE-199B4691.pf
1d86bd8f614eb8b3600d72df04e3fc9519fc1e5fe9bcb8d6733d66eb94911a4f	12624	NABO2_20170520_174706/LiveResponseData/CopiedFiles/prefetch/VGHKFSRLR.EXE-29E6A2FE.pf
e573fccf66e17ec3089a878dd57b9cdcf9dcadc3ef54f750afea57b45a15c459	12624	NABO2_20170520_174706/LiveResponseData/CopiedFiles/prefetch/VGHKFSRLR.EXE-2BA513C7.pf
098cd4636cb2a0fbde87d5059b3f408a1622a3c566d9f72a52771137561caece	12624	NABO2_20170520_174706/LiveResponseData/CopiedFiles/prefetch/VGHKFSRLR.EXE-2C0F2750.pf
508167997ee4ee29e1898b3aa47ff48382a6348eedf184f0345438c29c41e28c	12624	NABO2_20170520_174706/LiveResponseData/CopiedFiles/prefetch/VGHKFSRLR.EXE-2DE4BA21.pf
a07eca92b71f78d2d8139583cf359a80f0cef220ee795ac9e8936246517bc112	12624	NABO2_20170520_174706/LiveResponseData/CopiedFiles/prefetch/VGHKFSRLR.EXE-314113B8.pf
045f576340e5d6b12ed8b2228c45b65d773dbb76ffcb73559cfaa80bd6ba12e9	12624	NABO2_20170520_174706/LiveResponseData/CopiedFiles/prefetch/VGHKFSRLR.EXE-415665BA.pf
13d3a333afee1076a3c6c749fa61621d48c37352054661ed11fc25e2a85262c4	12624	NABO2_20170520_174706/LiveResponseData/CopiedFiles/prefetch/VGHKFSRLR.EXE-451FA527.pf
f9063d63073ea431520ac5a37fefdfba7a96b87df6f183de67b47d1d15b2d3aa	12624	NABO2_20170520_174706/LiveResponseData/CopiedFiles/prefetch/VGHKFSRLR.EXE-48E68CB3.pf
bea189a8907a9099662c89f66efb7fc4d823c396ac8b3341398d4e2e7b384d73	12624	NABO2_20170520_174706/LiveResponseData/CopiedFiles/prefetch/VGHKFSRLR.EXE-4A4C422B.pf
1dcf2fc93d5ad6e9b99d0d693457cd2b669e04aaa51f762e01efc819d7ad96fd	12624	NABO2_20170520_174706/LiveResponseData/CopiedFiles/prefetch/VGHKFSRLR.EXE-4CC9D5C8.pf
46f0741351c51e264245ce724d075801267f191a600262c2cef670c9a91a71c2	12624	NABO2_20170520_174706/LiveResponseData/CopiedFiles/prefetch/VGHKFSRLR.EXE-4E3B40FF.pf
3b6a754742994475ef75f2c969991fba6682235c5433f9278a295b8523efc75e	12624	NABO2_20170520_174706/LiveResponseData/CopiedFiles/prefetch/VGHKFSRLR.EXE-51B83590.pf
c751e8ca09c04aacf60ac00f6694bc47cb257b41078b30a5a4a4b61fcb14611e	12624	NABO2_20170520_174706/LiveResponseData/CopiedFiles/prefetch/VGHKFSRLR.EXE-53FC9F10.pf
9199889be12176bf7f55d9a4e013feacc8ac655dc0cf0af66834e683414890de	12624	NABO2_20170520_174706/LiveResponseData/CopiedFiles/prefetch/VGHKFSRLR.EXE-5A7BB899.pf
27c8efac1c4578a4203c24e6c72057725427a482f363b882dcbd9d53ab9a9af9	12624	NABO2_20170520_174706/LiveResponseData/CopiedFiles/prefetch/VGHKFSRLR.EXE-5ABA0488.pf
ee26e110fb7ade65d00d116498fcdf447b0e9e90a359148aeb3221c0c3a076c3	12672	NABO2_20170520_174706/LiveResponseData/CopiedFiles/prefetch/VGHKFSRLR.EXE-6137E5EB.pf
f5f3497674e91e1cda916e1d90e93c594518ad677fce318931ab1bedfbde6590	12624	NABO2_20170520_174706/LiveResponseData/CopiedFiles/prefetch/VGHKFSRLR.EXE-653DBDE6.pf
ba5aef12f03b1f102f03389550d735214518029d85f920acdbf02e4215dbc8d6	12624	NABO2_20170520_174706/LiveResponseData/CopiedFiles/prefetch/VGHKFSRLR.EXE-660B189B.pf
26e2ab043179571a73c2fd5bb2f52c9ec94270a7fb8d4eea4071f153998db719	12624	NABO2_20170520_174706/LiveResponseData/CopiedFiles/prefetch/VGHKFSRLR.EXE-6651D6C2.pf
ddc3f123fd64a80f3c6bdd9a524bc7a3e9259022f8a323437e63dbdaee59b2c7	12624	NABO2_20170520_174706/LiveResponseData/CopiedFiles/prefetch/VGHKFSRLR.EXE-66BCF136.pf
1308f08db4e9f648c00abd4032cf5c337ee3b116aed52e3d0e1038bf8f216684	12624	NABO2_20170520_174706/LiveResponseData/CopiedFiles/prefetch/VGHKFSRLR.EXE-686B030C.pf
a8ab10b233b7b91f10369f99ea1999e0d4fea5488e39c2c70ec0ab139ec17fdb	12624	NABO2_20170520_174706/LiveResponseData/CopiedFiles/prefetch/VGHKFSRLR.EXE-6994229F.pf
1c618c8c9750d37ac380d15e71b93fc79ce40d676c653c4eb1cd4f15fa1ea045	12624	NABO2_20170520_174706/LiveResponseData/CopiedFiles/prefetch/VGHKFSRLR.EXE-6B4A8380.pf
4ab82f6d40d9dcba355be090fc13015aaf7213735fa34aced1a9954d490f598b	12624	NABO2_20170520_174706/LiveResponseData/CopiedFiles/prefetch/VGHKFSRLR.EXE-6C490425.pf
d5feec8d901092d8dc2c8d2dc8ba15cfa4a51fc93612f07d49105e2d7eccc392	12672	NABO2_20170520_174706/LiveResponseData/CopiedFiles/prefetch/VGHKFSRLR.EXE-76359CEE.pf
61dcb450055f5bc2842721d62bc2d068234a3185f8285ea3f30413447a3e038d	12624	NABO2_20170520_174706/LiveResponseData/CopiedFiles/prefetch/VGHKFSRLR.EXE-78F15389.pf
f0aa4694132fa5a1441e36ac15c27d37422c330ab9c3361f6689e93dd2c0803d	12624	NABO2_20170520_174706/LiveResponseData/CopiedFiles/prefetch/VGHKFSRLR.EXE-8638DEE4.pf
da29673906a1e81a8d073fb263b6c915616760ec4bf34bbfcb947f9a15b002f3	12624	NABO2_20170520_174706/LiveResponseData/CopiedFiles/prefetch/VGHKFSRLR.EXE-89BB48FC.pf
83875c5a70b677325bca8873b311116bcbcfced78724c877bd8659e744511a07	12624	NABO2_20170520_174706/LiveResponseData/CopiedFiles/prefetch/VGHKFSRLR.EXE-8E31669C.pf
31f2ef20b0c070b567ace6956edabaffb7f1620d8b3231cd4e34b45efcfaebcf	12624	NABO2_20170520_174706/LiveResponseData/CopiedFiles/prefetch/VGHKFSRLR.EXE-98EA8FF2.pf
dc34f6ef771a5c8027c89c9fde461fd61ad80ecda8a2e2777c5614f219ce3c14	12624	NABO2_20170520_174706/LiveResponseData/CopiedFiles/prefetch/VGHKFSRLR.EXE-99CBAC79.pf
99e8151235d3a43756a50ed1363a094b255c4f0878daa73bda74f062f83b467c	12624	NABO2_20170520_174706/LiveResponseData/CopiedFiles/prefetch/VGHKFSRLR.EXE-9B666993.pf
5ec278f8014cad20d2f08f2494439e6ecb655a28ea7370b54b3e3ba4e7db37c9	12672	NABO2_20170520_174706/LiveResponseData/CopiedFiles/prefetch/VGHKFSRLR.EXE-ACC4A5D1.pf
84d9e343121dbecab862ba850fd1c4ae74c228a2a176b9f3cc8d2eb0913b1a1e	12624	NABO2_20170520_174706/LiveResponseData/CopiedFiles/prefetch/VGHKFSRLR.EXE-AE381D91.pf
d5a78b43d9add2ce2440c62610ecbd4842e02d9d7e8814de6b72c4be8cf64747	12624	NABO2_20170520_174706/LiveResponseData/CopiedFiles/prefetch/VGHKFSRLR.EXE-B3F9877D.pf
ef12b5f6d4f432134b055a2189ffac65ce3b7c18099660c066ccb328af3d1cde	12624	NABO2_20170520_174706/LiveResponseData/CopiedFiles/prefetch/VGHKFSRLR.EXE-B4A84994.pf
31dd2706cf752f004d1fdbbb17735173f6330ef49da9635c19495ac35d9bbda9	12624	NABO2_20170520_174706/LiveResponseData/CopiedFiles/prefetch/VGHKFSRLR.EXE-B5A4CD9A.pf
72f1104c00455841b687aa16df312c5a506670cff589b0b38fac0569a499dc93	12624	NABO2_20170520_174706/LiveResponseData/CopiedFiles/prefetch/VGHKFSRLR.EXE-BBD1DC37.pf
c3f6e9a19ce689d4c787e9f1d3c60090c0e45ed28e3cdf62826efc512c98c430	12624	NABO2_20170520_174706/LiveResponseData/CopiedFiles/prefetch/VGHKFSRLR.EXE-BC714D68.pf
286b5af48c89371d25f851c2adff9d139645e70f13e57b00759cd6be3175482f	12672	NABO2_20170520_174706/LiveResponseData/CopiedFiles/prefetch/VGHKFSRLR.EXE-C1EAD033.pf
bbdf64877037ae2e9d1b62020ca9e29da65e5174e4c5792be60cb43629dd8d45	12624	NABO2_20170520_174706/LiveResponseData/CopiedFiles/prefetch/VGHKFSRLR.EXE-CC872867.pf
fb86231fdd9c5ce80410c217e37b6873f1fa52e7c372b42c2823743db7cae3a9	12672	NABO2_20170520_174706/LiveResponseData/CopiedFiles/prefetch/VGHKFSRLR.EXE-CEABB548.pf
696c486ee822626d9aef8f878da8e426ef56a9bc7567506a13da06719fe35ec6	12624	NABO2_20170520_174706/LiveResponseData/CopiedFiles/prefetch/VGHKFSRLR.EXE-D1D065E8.pf
1b8115df4d92890628b512975d594a36e768a4494d533c4eeb88e4bdea449298	12624	NABO2_20170520_174706/LiveResponseData/CopiedFiles/prefetch/VGHKFSRLR.EXE-D8EB0E83.pf
8d0916eed1e4036bc04b2615399ee5d020df9c99f80c8a72200ba91396668471	12672	NABO2_20170520_174706/LiveResponseData/CopiedFiles/prefetch/VGHKFSRLR.EXE-E048FD4B.pf
e66fb954652990d08ac154265d414a1efa8768f3e1cae9ec8ac9192936949d9f	12624	NABO2_20170520_174706/LiveResponseData/CopiedFiles/prefetch/VGHKFSRLR.EXE-E30B5B05.pf
6f539b591da0738449a644208677aaf1ffe1f0e501adba231643868d7e712fa0	12672	NABO2_20170520_174706/LiveResponseData/CopiedFiles/prefetch/VGHKFSRLR.EXE-E4D202E9.pf
27d9bdc00acb23558dd562345501c85796231fd0d099c87c0b4a91b8d4c141e3	12624	NABO2_20170520_174706/LiveResponseData/CopiedFiles/prefetch/VGHKFSRLR.EXE-E7FA23D4.pf
e84c36167cc71d53905a6754743de0b8fb4cb64c10e7c9238382c85b3bed4d72	12624	NABO2_20170520_174706/LiveResponseData/CopiedFiles/prefetch/VGHKFSRLR.EXE-EA193D64.pf
639ed3c4a64e0028b4bdb3bda4e0b7771d24b2575790dd59f29981ab53db0680	12624	NABO2_20170520_174706/LiveResponseData/CopiedFiles/prefetch/VGHKFSRLR.EXE-EEA475C6.pf
a797538fc8d50d5d5466ad4aad3ee0fa2ca69f44499d627ba112ded467d22f02	12624	NABO2_20170520_174706/LiveResponseData/CopiedFiles/prefetch/VGHKFSRLR.EXE-EEDB0AB7.pf
37b5f142bebf5d05c65ed93d6d4feacadeda163fae7b18fbb0f08324e876365e	12624	NABO2_20170520_174706/LiveResponseData/CopiedFiles/prefetch/VGHKFSRLR.EXE-F1579F79.pf
5e6d9a491066f6c16db9b0a9319fc69f6d169e79c312d59603a692c80178cb91	12624	NABO2_20170520_174706/LiveResponseData/CopiedFiles/prefetch/VGHKFSRLR.EXE-F80606D2.pf
f54bfc910e426b8e5a5b5e94752299c7e9a52d3ca6089458eeea7f57a352c156	12624	NABO2_20170520_174706/LiveResponseData/CopiedFiles/prefetch/VGHKFSRLR.EXE-F97F64D8.pf
29a4dc8fcd5ce4ed761eb2932f27ffb76474ab766bf6bb4c123d48331e1f96bd	12624	NABO2_20170520_174706/LiveResponseData/CopiedFiles/prefetch/VGHKFSRLR.EXE-F996537D.pf
9917681e140eeb53930c44084df6a8f601bf8a30957f95aa79b0fbaada3181e3	12672	NABO2_20170520_174706/LiveResponseData/CopiedFiles/prefetch/VGHKFSRLR.EXE-FAFDD9FD.pf
ff5d74bd062dc5184c5f9f54fb97f6b2a6bedcf202f7337411f28c8a80c1bd8d	27948	NABO2_20170520_174706/LiveResponseData/CopiedFiles/prefetch/VMWARERESOLUTIONSET.EXE-BAE6FDC8.pf
c0761a62955819f7918e3a235bdfc31ecfbfe2f96b783cbc13f07be1bb5f2ab7	45908	NABO2_20170520_174706/LiveResponseData/CopiedFiles/prefetch/VSSVC.EXE-04D079CC.pf
6fc7b8d7aa10e532c5d5a87509d2647ead718d1b438593164df27636e85e27e2	255044	NABO2_20170520_174706/LiveResponseData/CopiedFiles/prefetch/WERMGR.EXE-2A1BCBC7.pf
d7f9a1d6068d936b616c9752b1974469c0f87be85a2a3023a6500b1791ff4795	32990	NABO2_20170520_174706/LiveResponseData/CopiedFiles/prefetch/WEVTUTIL.EXE-C09B744F.pf
e6e9d6798e1d6bf3b623d589c3b4ca505831e577b183faf264f22ff50273faa5	104954	NABO2_20170520_174706/LiveResponseData/CopiedFiles/prefetch/WMIADAP.EXE-369DF1CD.pf
b257ea186473bb3bda9c75f6060699ddeb6c0a3fc85194e8dd87b3e41b6d3b0f	331704	NABO2_20170520_174706/LiveResponseData/CopiedFiles/prefetch/WMIPRVSE.EXE-43972D0F.pf
a8e0ba28090bcc808c3a564860484b55b4f5e59bb8da841213113c13f3ac70f4	125968	NABO2_20170520_174706/LiveResponseData/CopiedFiles/prefetch/WSQMCONS.EXE-E2CE6542.pf
c5e1e15bc7b1dfc57a014902dbbbfd4b9a8eb6249b0a9ac235568e5031136ab6	39814	NABO2_20170520_174706/LiveResponseData/CopiedFiles/prefetch/WUDFHOST.EXE-81420B07.pf
c44b31a22fedc1687871800220f75604cc11661958145b3ab44f048abc0c9a40	846	NABO2_20170520_174706/LiveResponseData/CopiedFiles/recentfilecache/RecentFileCache.bcf
e17622f561deb5f0b2977c2a586f2f6444d31845c3c8f4acf2b92c632f136b46	44040192	NABO2_20170520_174706/LiveResponseData/CopiedFiles/registry/COMPONENTS
fd183ea15dffe5d3809200e23cbb60d9b17612fe4fb36984539b573aa0794dc5	262144	NABO2_20170520_174706/LiveResponseData/CopiedFiles/registry/DEFAULT
4852c2233bd7a2c6b2251abc58572bc3afe7bfa752fe24db15d63f59a9adb52d	262144	NABO2_20170520_174706/LiveResponseData/CopiedFiles/registry/Default User_NTUSER.DAT
4852c2233bd7a2c6b2251abc58572bc3afe7bfa752fe24db15d63f59a9adb52d	262144	NABO2_20170520_174706/LiveResponseData/CopiedFiles/registry/Default_NTUSER.DAT
3222e1dbd21edd80ff259b57a3edc461b919b30281cad6c12ad9235e1bf6b7aa	262144	NABO2_20170520_174706/LiveResponseData/CopiedFiles/registry/SAM
4e96034d4e3ecdd20e72a42b0402c503343ba119f96bb6c1fe5c5c21afb12e63	262144	NABO2_20170520_174706/LiveResponseData/CopiedFiles/registry/SECURITY
595c0ee8aa2872032c76015ec8eb24649e7928978573dca535bcd101a7df0592	46923776	NABO2_20170520_174706/LiveResponseData/CopiedFiles/registry/SOFTWARE
31dac1512d1b5d210c5d8f1f045565fc794bc6619f8a233ef8681aee89b79fff	13107200	NABO2_20170520_174706/LiveResponseData/CopiedFiles/registry/SYSTEM
63e2a6c0584f050d28cfc21e2bf975610f7861212aabf4be3fbd042c789a7691	786432	NABO2_20170520_174706/LiveResponseData/CopiedFiles/registry/antonio_NTUSER.DAT
443924b39738cc72ec652518afcd0963301a353c75481aac28baf47fcb9c0348	524288	NABO2_20170520_174706/LiveResponseData/CopiedFiles/registry/boniato_NTUSER.DAT
908ddc5ff316a53df1faf43c740258cb7cf99945dfd19b7b958d808aeac6b0f9	524288	NABO2_20170520_174706/LiveResponseData/CopiedFiles/registry/nabo_NTUSER.DAT
61f52e203f579e7b0147bd2d65a23b670022fd22f3e3246744eeb63fee058a82	262144	NABO2_20170520_174706/LiveResponseData/CopiedFiles/registry/patata_NTUSER.DAT
1e8a5ed0c4cc00cd228a661cc6fe50baf52f97a091eabbfd974d23ce494fcb7a	34467936	NABO2_20170520_174706/LiveResponseData/CopiedFiles/usnjrnl/$UsnJrnl_$J.bin
be89861e1ed5d0067c8e5bca1c0255558f5f3541b6e429c5b06d245204d702b8	113	NABO2_20170520_174706/LiveResponseData/NetworkInfo/NetBIOS_sessions.txt
c31b67d046c6c21b4428672516a3fbcd39a6d750fa80201d02afb812696a37d5	3387	NABO2_20170520_174706/LiveResponseData/NetworkInfo/TCPView.txt
fc6950957d8a50bc7df0d0b3eb6502fec4553da2caa2262d940cced649aa4ccd	34362	NABO2_20170520_174706/LiveResponseData/NetworkInfo/cports.html
abb7ddbb6e10b95b3fb45e5b6a5b7defe59615936c72a61b09b790bcc7c8d638	336	NABO2_20170520_174706/LiveResponseData/NetworkInfo/nbtstat.txt
891e8b611d8e139b10093b6d3c06316ba230b743995e961aee94d565c85ccad2	3270	NABO2_20170520_174706/LiveResponseData/NetworkInfo/netstat_anb_results.txt
101ea89e4af426227276a3fb2fb54d698e255c05e27c55a59c01d1160b923ab1	10514	NABO2_20170520_174706/LiveResponseData/PersistenceMechanisms/Driver_group_load_order_wmic.txt
50bf344ff6ac73f1df61b61b96fc18feb0a1c4985edfbe83c77ad7cfdd3390d4	57156	NABO2_20170520_174706/LiveResponseData/PersistenceMechanisms/Loaded_dlls.txt
b692e1f9299168682b246b7f63f2b76f85b28309d85c24a4ce18537d7e65dda7	2600	NABO2_20170520_174706/LiveResponseData/PersistenceMechanisms/Startup_wmic.txt
3c8d179c78ff5667f1d883b0b3ba2743a84f019308a5f69ec848f25d05eeb761	94900	NABO2_20170520_174706/LiveResponseData/PersistenceMechanisms/autorunsc.csv
f70d42666bd5e66f16e54612b277342eccacaf9e00dcdec6a26bb40da29d675c	87572	NABO2_20170520_174706/LiveResponseData/PersistenceMechanisms/autorunsc.txt
d4580ed481cf8364a3847a8e0f6f6cbdb0d26e219c0e63c886b141fa39e33782	195254	NABO2_20170520_174706/LiveResponseData/PersistenceMechanisms/scheduled_tasks.txt
ecec356468eb0033be3c3316367dd8e6eb869b36e9fcf3d9115035e035a519e8	4266	NABO2_20170520_174706/LiveResponseData/PersistenceMechanisms/services_aw_processes.txt
b6f8f202a945ac99c95f59cf1e0c3e4e1f8552c3922f4761ae0ac4c31a3e77f3	2182	NABO2_20170520_174706/LiveResponseData/UserInfo/All_logons_wmic.txt
0286961a1041e83faa1c4e32ff609a40208c45893a51bd03b68d26bed1adb6df	21	NABO2_20170520_174706/LiveResponseData/UserInfo/whoami.txt
de244ee7b8c240a545d5e47f7b40a5ddc77ae224e339df045cec5961eeb91684	129085	NABO2_20170520_174706/NABO2_20170520_174706_File_Hashes.txt
40db77a38ff15b1e3331f5e1acd0ea71a762a1bd5477cddcecd87b3cf453d083	17722	NABO2_20170520_174706/NABO2_20170520_174706_Processing_Details.txt
