# sha256	size	path: files of RabanoSRV_triage.zip (sha256 dfa4288c9f8cd657f07d288cab72387066cb8238a34629d6d89f01ccb6c11db7)
5e420d83aa70623a217a8bb345624df31bf29f6a3177d6146fede0151ce24ffd	630	RABANOSRV_20170520_173407/LiveResponseData/BasicInfo/DiskDriveList_wmic.txt
c95597f600409c64aa36e31aa79b42081e5180f8f466dea1066403b11a966392	11900050	RABANOSRV_20170520_173407/LiveResponseData/BasicInfo/Full_file_listing.txt
63f54e3155b7210afaf442bc307922b8fb8fb754066970960547c79f57f5ab45	6424	RABANOSRV_20170520_173407/LiveResponseData/BasicInfo/Hashes_md5_Startup_and_Dates.txt
e8a20a62feec1554beda576b5837ee26ffc4f1e90cb6d31dd1a328732f6f9f1c	1653248	RABANOSRV_20170520_173407/LiveResponseData/BasicInfo/Hashes_md5_System32_AllFiles_and_Dates.txt
e3b0c44298fc1c149afbf4c8996fb92427ae41e4649b934ca495991b7852b855	0	RABANOSRV_20170520_173407/LiveResponseData/BasicInfo/Hashes_md5_System_TEMP_AllFiles_and_Dates.txt
f8f68de1aa322bc86928cfaead264650e82c56d86ef2dadb671cdbc7965fdd08	841	RABANOSRV_20170520_173407/LiveResponseData/BasicInfo/Hashes_md5_User_TEMP_AllFiles_and_Dates.txt
5bd21853c64045e99f4f634da7f43a03819feaf2da082da03afeeb9dc9439b8d	7800	RABANOSRV_20170520_173407/LiveResponseData/BasicInfo/Hashes_sha256_Startup_and_Dates.txt
99e0c63a87ef1a5d1398864f701c0386856350376bd15c1d0b33359e04148264	2042496	RABANOSRV_20170520_173407/LiveResponseData/BasicInfo/Hashes_sha256_System32_AllFiles_and_Dates.txt
e3b0c44298fc1c149afbf4c8996fb92427ae41e4649b934ca495991b7852b855	0	RABANOSRV_20170520_173407/LiveResponseData/BasicInfo/Hashes_sha256_System_TEMP_AllFiles_and_Dates.txt
24484c8d8e8f4916a2b02d2aaff225bda74a680d6514a2190ac07e97d02138f1	1097	RABANOSRV_20170520_173407/LiveResponseData/BasicInfo/Hashes_sha256_User_TEMP_AllFiles_and_Dates.txt
3bc98e583c1147d7dbda6789475cf02dbca72ac76dd6f8df18d6081a04a32200	1150	RABANOSRV_20170520_173407/LiveResponseData/BasicInfo/Installed_software_wmic.txt
e5525c14294faf8582bfa70bcdf19908a35f51e63e8652a246d514cc7f663b1d	45208	RABANOSRV_20170520_173407/LiveResponseData/BasicInfo/LastActivityView.html
c4aea9d51f71fe7dec79a046049ff38b5e6f3b67cd0a28313798cd50a439955a	8830	RABANOSRV_20170520_173407/LiveResponseData/BasicInfo/List_hidden_directories.txt
f53ae46be1877271dcd905a6244a22e320080b67bdd9e764a77f1f0b3e85bf4c	189296	RABANOSRV_20170520_173407/LiveResponseData/BasicInfo/Loaded_system_drivers_wmic.txt
a6a0b40ece1e0fbd23a4a47ffbf44ba9c2148771d2b297dd7fd862f1d69e642b	122	RABANOSRV_20170520_173407/LiveResponseData/BasicInfo/LogicalDisk_name_wmic.txt
3f555636096a92059a9b0e6d3dcc2c8ae73fbebd7f22d5efd20dc1ff0d522ce0	318	RABANOSRV_20170520_173407/LiveResponseData/BasicInfo/LogicalDisk_size_caption_wmic.txt
e3b0c44298fc1c149afbf4c8996fb92427ae41e4649b934ca495991b7852b855	0	RABANOSRV_20170520_173407/LiveResponseData/BasicInfo/Possible_unicode_files_and_directories.txt
8e2f80a6eff45946d219607c4c9b645d2493b1f61b7f8c29fc10ca34b0a8d8e0	182	RABANOSRV_20170520_173407/LiveResponseData/BasicInfo/PrcView_extended.txt
bab805473d8e8c43233999839b4bbf9f8ebdf6a76ba7c75ddd7061d1935f5148	367	RABANOSRV_20170520_173407/LiveResponseData/BasicInfo/PrcView_extended_long.txt
0045a0bd4f56d8edd1288f2c6e2ee93840c9d9641e9970890286a573b4f33baa	3350	RABANOSRV_20170520_173407/LiveResponseData/BasicInfo/PsList.txt
e4481079fa8befe3e200abc834235a2e5be7959ba7039bd3d63f40f661442669	203	RABANOSRV_20170520_173407/LiveResponseData/BasicInfo/PsLoggedon.txt
c158a358892688f1de47633cb840ac889682e98cbbc75c94db73f91d0d13a006	661968	RABANOSRV_20170520_173407/LiveResponseData/BasicInfo/PsLoglist.txt
6628fed50313557b4767865f88c7f75344cbbd138028d5fd160b7f587e814228	9473	RABANOSRV_20170520_173407/LiveResponseData/BasicInfo/Running_processes.txt
292bf366a534157e5414f344218c9df828e2f211617fc84352f3ab2564050941	40	RABANOSRV_20170520_173407/LiveResponseData/BasicInfo/Windows_Version.txt
aa0d50824b5b5c3c325d9f2ba0b22ebf71b8ffc3a9c448f80c113e9c09721cdc	23	RABANOSRV_20170520_173407/LiveResponseData/BasicInfo/Windows_codepage.txt
3c072be19b67dc56a4e9c4944793c4332e2490cbc64f34a0b51e19352cc16ca7	203	RABANOSRV_20170520_173407/LiveResponseData/BasicInfo/psfile.txt
74d391cc7c77263a074b5b00d085882f55be27a856ad3ec6eaf3174acfa79d7e	662	RABANOSRV_20170520_173407/LiveResponseData/BasicInfo/psinfo.txt
f392ed7147ac9b1675dc7720beadbd4f55a6f410caaf9a1fdbc910b56518bcf9	251	RABANOSRV_20170520_173407/LiveResponseData/BasicInfo/system_date_time_tz.txt
2cd1301fcf1bd67001f437c934e4815489c75a01dfabe8c3843c1b2e849a3c68	8790	RABANOSRV_20170520_173407/LiveResponseData/BasicInfo/system_info.txt
1abbfa17ab299994dad664ec70ddb898b10e32a18dbb9d70b1d32e0d8a30f829	634	RABANOSRV_20170520_173407/LiveResponseData/BasicInfo/system_info_wmic.txt
1ec1dfaa1756d7cc63b7d93eaad255d3b2865a4455a599ab8243906f1e4d9d94	1118208	RABANOSRV_20170520_173407/LiveResponseData/CopiedFiles/eventlogs/Logs/Application.evtx
70e3c745eab2a0cbfe34330425bb8ca00f54e9791003b1a07c4b1dc3d2c0d87e	69632	RABANOSRV_20170520_173407/LiveResponseData/CopiedFiles/eventlogs/Logs/HardwareEvents.evtx
b790c872a389511da32f190adf66f301283c86a7acbbbfcfe154c70858fae70d	69632	RABANOSRV_20170520_173407/LiveResponseData/CopiedFiles/eventlogs/Logs/Internet Explorer.evtx
b790c872a389511da32f190adf66f301283c86a7acbbbfcfe154c70858fae70d	69632	RABANOSRV_20170520_173407/LiveResponseData/CopiedFiles/eventlogs/Logs/Key Management Service.evtx
cf3b2d38d524655001903edd8d109ee59f7db268323f010a39dd9fb871146dfa	69632	RABANOSRV_20170520_173407/LiveResponseData/CopiedFiles/eventlogs/Logs/Microsoft-Windows-API-Tracing%4Operational.evtx
2503425a69791ef1737b7113bb544b2bacf8d5d8b331a524648f9589061cd5ec	69632	RABANOSRV_20170520_173407/LiveResponseData/CopiedFiles/eventlogs/Logs/Microsoft-Windows-AppID%4Operational.evtx
f8b5d937bccc5c5fb82044c72c7c3ebe60408e3a4b0df8b19a5b1fbf015a248f	69632	RABANOSRV_20170520_173407/LiveResponseData/CopiedFiles/eventlogs/Logs/Microsoft-Windows-AppLocker%4EXE and DLL.evtx
b9219ee241aab27d667da4024e40e2b0892f91049c3c7c8a49b6b4f859b790fe	69632	RABANOSRV_20170520_173407/LiveResponseData/CopiedFiles/eventlogs/Logs/Microsoft-Windows-AppLocker%4MSI and Script.evtx
6758e3e78518d8cf68ed2a2e0ff935c638f329224b9d861004bdd1eba9ce75c0	69632	RABANOSRV_20170520_173407/LiveResponseData/CopiedFiles/eventlogs/Logs/Microsoft-Windows-Application Server-Applications%4Admin.evtx
abd5af65995018bc766f30a0726b3885100bbe06ae8ae01103fcce599fe09e40	69632	RABANOSRV_20170520_173407/LiveResponseData/CopiedFiles/eventlogs/Logs/Microsoft-Windows-Application Server-Applications%4Operational.evtx
fd32835de0d16c4fbff75e633ed806a224b5e4e58625177c9bbca5decadfb6bb	69632	RABANOSRV_20170520_173407/LiveResponseData/CopiedFiles/eventlogs/Logs/Microsoft-Windows-Application-Experience%4Problem-Steps-Recorder.evtx
9a536ac13a3fa271ffe3262ddc999d7d3ae1a834577d2fe08bdf0857b22dfe09	69632	RABANOSRV_20170520_173407/LiveResponseData/CopiedFiles/eventlogs/Logs/Microsoft-Windows-Application-Experience%4Program-Compatibility-Assistant.evtx
b187b52f1ecda8e51dcb8497e6f3faa73f7c1f3702873453dfb2a3a6743a5666	69632	RABANOSRV_20170520_173407/LiveResponseData/CopiedFiles/eventlogs/Logs/Microsoft-Windows-Application-Experience%4Program-Compatibility-Troubleshooter.evtx
94e2fdbaeb4303299de0b18408215ca350bf634fc8c45fb80440801681218356	69632	RABANOSRV_20170520_173407/LiveResponseData/CopiedFiles/eventlogs/Logs/Microsoft-Windows-Application-Experience%4Program-Inventory.evtx
2ad83f5eb7bf0b478f21d005884232dc3c60b812567b6822c684d989285d0b67	69632	RABANOSRV_20170520_173407/LiveResponseData/CopiedFiles/eventlogs/Logs/Microsoft-Windows-Application-Experience%4Program-Telemetry.evtx
3377325258c45b74085e5e9a115ace019f84a58c2f758ba3025ef4d701045b1d	69632	RABANOSRV_20170520_173407/LiveResponseData/CopiedFiles/eventlogs/Logs/Microsoft-Windows-Audio%4CaptureMonitor.evtx
893961b9b91132a3e9369a9be435807290897e03b606818bdb7e15f7f7890c51	69632	RABANOSRV_20170520_173407/LiveResponseData/CopiedFiles/eventlogs/Logs/Microsoft-Windows-Audio%4Operational.evtx
4d32c43b4dffbdfc42eb0cb3325a91a4e5cc4a6fbcd64cc50fd8d4a0b03b315b	69632	RABANOSRV_20170520_173407/LiveResponseData/CopiedFiles/eventlogs/Logs/Microsoft-Windows-Authentication User Interface%4Operational.evtx
2485c538b252cfe0381dafe6437ed42750d20ce00b5b48926aed9cbe9341060a	1052672	RABANOSRV_20170520_173407/LiveResponseData/CopiedFiles/eventlogs/Logs/Microsoft-Windows-Bits-Client%4Operational.evtx
9674f2d1d88f48ace414810a30e70a4510bd2a33c34d4fc8d1b21e600bc3ab4f	1052672	RABANOSRV_20170520_173407/LiveResponseData/CopiedFiles/eventlogs/Logs/Microsoft-Windows-CAPI2%4Operational.evtx
826f95b64daeba409d37d4849d4394d5f1c0ee784a0468436a7d0a11ae32c12a	69632	RABANOSRV_20170520_173407/LiveResponseData/CopiedFiles/eventlogs/Logs/Microsoft-Windows-CodeIntegrity%4Operational.evtx
6661f76851529da36891325637d663c6ce75a2ea44639f71e0df838b548c8166	69632	RABANOSRV_20170520_173407/LiveResponseData/CopiedFiles/eventlogs/Logs/Microsoft-Windows-CorruptedFileRecovery-Client%4Operational.evtx
05406403f845591d3e98c153811ef1feab49efe5b3093536469d911951d1c610	69632	RABANOSRV_20170520_173407/LiveResponseData/CopiedFiles/eventlogs/Logs/Microsoft-Windows-CorruptedFileRecovery-Server%4Operational.evtx
c46cdfc8ca1e9e914b7dd50ed125e55e45abed3f6d895fc9c3a0f9c00f2198f8	69632	RABANOSRV_20170520_173407/LiveResponseData/CopiedFiles/eventlogs/Logs/Microsoft-Windows-DateTimeControlPanel%4Operational.evtx
ecc302da209120206cf5a9230b1403142cdb91e99db6e0eee1cb86d77dc3acb0	69632	RABANOSRV_20170520_173407/LiveResponseData/CopiedFiles/eventlogs/Logs/Microsoft-Windows-DeviceSync%4Operational.evtx
8238d6bcb6fc7b85b052211f99abafd031a26951f5b7bfb17451dfb050a96fb5	69632	RABANOSRV_20170520_173407/LiveResponseData/CopiedFiles/eventlogs/Logs/Microsoft-Windows-Dhcp-Client%4Admin.evtx
46bbbcf86e3771aaab226115d76ec47c0a068c54088502c224ce3b383da60478	69632	RABANOSRV_20170520_173407/LiveResponseData/CopiedFiles/eventlogs/Logs/Microsoft-Windows-DhcpNap%4Admin.evtx
b7f7d3fb6aea52f58e241f3d5231b2729b396668c965c8c544f1de5f6ba85605	69632	RABANOSRV_20170520_173407/LiveResponseData/CopiedFiles/eventlogs/Logs/Microsoft-Windows-Dhcpv6-Client%4Admin.evtx
a11225d915292139a8056d16a389aa230bd25ba2e0e94a7495940bf54afa3207	1052672	RABANOSRV_20170520_173407/LiveResponseData/CopiedFiles/eventlogs/Logs/Microsoft-Windows-Diagnosis-DPS%4Operational.evtx
282370adf24c278eced00307887baffa4e1509841fd6922e740ab4ea5366428f	69632	RABANOSRV_20170520_173407/LiveResponseData/CopiedFiles/eventlogs/Logs/Microsoft-Windows-Diagnosis-PCW%4Operational.evtx
37654b79cef429fae09dd262c18c8056ed2f383f32246d2d911ac93a420d67b0	69632	RABANOSRV_20170520_173407/LiveResponseData/CopiedFiles/eventlogs/Logs/Microsoft-Windows-Diagnosis-PLA%4Operational.evtx
0516663996b5ff2db02ad42f167362eaf51054095f4c04390644998ccd6d14cc	69632	RABANOSRV_20170520_173407/LiveResponseData/CopiedFiles/eventlogs/Logs/Microsoft-Windows-Diagnosis-Scripted%4Admin.evtx
9d83fcde6ee22a6a25d7f7b3eaa148530257c96300fc5cace9ff11ad3255d8f9	69632	RABANOSRV_20170520_173407/LiveResponseData/CopiedFiles/eventlogs/Logs/Microsoft-Windows-Diagnosis-Scripted%4Operational.evtx
84da579590710ed2dce37630e7fd1cb29899668398dc172eb98e08914471d4ba	69632	RABANOSRV_20170520_173407/LiveResponseData/CopiedFiles/eventlogs/Logs/Microsoft-Windows-Diagnosis-ScriptedDiagnosticsProvider%4Operational.evtx
62984d76a26fd4e758b4bdd7e8849d02282694cd03678a8a8d4d9aad3d799d8d	69632	RABANOSRV_20170520_173407/LiveResponseData/CopiedFiles/eventlogs/Logs/Microsoft-Windows-Diagnostics-Networking%4Operational.evtx
09285db64817e714b06132f1ed5aef190de084ecce716abf84f121e53963a50b	69632	RABANOSRV_20170520_173407/LiveResponseData/CopiedFiles/eventlogs/Logs/Microsoft-Windows-DriverFrameworks-UserMode%4Operational.evtx
0db8dc2e9992f9f944c341bbb97be42a5956d7a1d3d606124f3cfa8a84c77055	69632	RABANOSRV_20170520_173407/LiveResponseData/CopiedFiles/eventlogs/Logs/Microsoft-Windows-EapHost%4Operational.evtx
fcb1c8f5244d65edbf657493d5855a329ea141df8ef0f5d12d5d6f9103092fc7	69632	RABANOSRV_20170520_173407/LiveResponseData/CopiedFiles/eventlogs/Logs/Microsoft-Windows-EnrollmentPolicyWebService%4Admin.evtx
353f1f666f71896926c2109a822a7b5c6f120e0053a4bfabd0f2bd8f2b6e9134	69632	RABANOSRV_20170520_173407/LiveResponseData/CopiedFiles/eventlogs/Logs/Microsoft-Windows-EnrollmentWebService%4Admin.evtx
5bd6d7e657cedd1eb129404200bf90379736f83aa84358658d6e5c0ec1c59bf8	69632	RABANOSRV_20170520_173407/LiveResponseData/CopiedFiles/eventlogs/Logs/Microsoft-Windows-EventCollector%4Operational.evtx
2c5348c7c7f90ce17e42dba3c65801d499ab5b008cbdcd13d99d51181ab3b329	69632	RABANOSRV_20170520_173407/LiveResponseData/CopiedFiles/eventlogs/Logs/Microsoft-Windows-FMS%4Operational.evtx
1205dcbfea24ac1d7d9864f5060f0ab984fbcaac3447f3e152a710d58c0d5d2c	69632	RABANOSRV_20170520_173407/LiveResponseData/CopiedFiles/eventlogs/Logs/Microsoft-Windows-Folder Redirection%4Operational.evtx
de475abc3af0e4df2f6e937fc4dec93a562bebc58e0d5b3a8ad8a57bc4583712	69632	RABANOSRV_20170520_173407/LiveResponseData/CopiedFiles/eventlogs/Logs/Microsoft-Windows-Forwarding%4Operational.evtx
3e255c40b8ddaa0f1b0b3b74826fd49a52b0738c7eb297404d4618ea444704b9	1118208	RABANOSRV_20170520_173407/LiveResponseData/CopiedFiles/eventlogs/Logs/Microsoft-Windows-GroupPolicy%4Operational.evtx
d377fe8fb8b6a23ca4efb1803afc2c78df212426dc73f8028c8f90c74db0fa5b	69632	RABANOSRV_20170520_173407/LiveResponseData/CopiedFiles/eventlogs/Logs/Microsoft-Windows-Help%4Operational.evtx
255dc36f73373e81728d229bb7e479bffe01866f12a2219e96f282866b502f03	69632	RABANOSRV_20170520_173407/LiveResponseData/CopiedFiles/eventlogs/Logs/Microsoft-Windows-HomeGroup Control Panel%4Operational.evtx
186ff49ad09df6ef69f076fa49e2ddcd9fa5ad320480c66605042786650277fe	69632	RABANOSRV_20170520_173407/LiveResponseData/CopiedFiles/eventlogs/Logs/Microsoft-Windows-IKE%4Operational.evtx
e62666e389e92c7ecf37470815ca9ef879471c56f383366696019349bb628ed3	69632	RABANOSRV_20170520_173407/LiveResponseData/CopiedFiles/eventlogs/Logs/Microsoft-Windows-International%4Operational.evtx
a8a186428cf2f8460d5e22b2c91fe998013d3c5ba803d30cf5e61d9515ed686f	69632	RABANOSRV_20170520_173407/LiveResponseData/CopiedFiles/eventlogs/Logs/Microsoft-Windows-International-RegionalOptionsControlPanel%4Operational.evtx
95493dab5cb6611825cc6b0c82533e0b13d91fa0d9734e73f5b416fb7abc99b1	69632	RABANOSRV_20170520_173407/LiveResponseData/CopiedFiles/eventlogs/Logs/Microsoft-Windows-Iphlpsvc%4Operational.evtx
d9889f8b528f93f4ed8b1fe1e0a6dce614fd2126cf5b04ba8b8e556c87c820f5	69632	RABANOSRV_20170520_173407/LiveResponseData/CopiedFiles/eventlogs/Logs/Microsoft-Windows-Kernel-EventTracing%4Admin.evtx
aea71627230651022ee9df55d95c5f0ea8286f325aae041e8288be0d43acddd5	69632	RABANOSRV_20170520_173407/LiveResponseData/CopiedFiles/eventlogs/Logs/Microsoft-Windows-Kernel-Power%4Thermal-Operational.evtx
9dc8f6528f746c7964c9281701c054c719e75d00e7299384ff5718403919ad95	69632	RABANOSRV_20170520_173407/LiveResponseData/CopiedFiles/eventlogs/Logs/Microsoft-Windows-Kernel-StoreMgr%4Operational.evtx
613b1ffd047385cb7332b2a34bfea8ed7da8f3d1a2cb2d763fe28f141d920974	69632	RABANOSRV_20170520_173407/LiveResponseData/CopiedFiles/eventlogs/Logs/Microsoft-Windows-Kernel-WDI%4Operational.evtx
6880b8c42c0cfb352ce2dca4b4658b928f0a81e0442caea2a9fff360258a5333	69632	RABANOSRV_20170520_173407/LiveResponseData/CopiedFiles/eventlogs/Logs/Microsoft-Windows-Kernel-WHEA%4Errors.evtx
e8b56b64d90d9b9b6227a96c2271ecf0fc781641f11e18500af9430c541d7925	1052672	RABANOSRV_20170520_173407/LiveResponseData/CopiedFiles/eventlogs/Logs/Microsoft-Windows-Kernel-WHEA%4Operational.evtx
35bf22272a38c09de8bb9c74ff91aa8db589631d93f845b6d3a055272b365107	69632	RABANOSRV_20170520_173407/LiveResponseData/CopiedFiles/eventlogs/Logs/Microsoft-Windows-Known Folders API Service.evtx
2a0e86c1d702f94cb86542dc1f698507cb328bd1885a0aba0f6c0646a455233b	69632	RABANOSRV_20170520_173407/LiveResponseData/CopiedFiles/eventlogs/Logs/Microsoft-Windows-LanguagePackSetup%4Operational.evtx
15725a2bb02d5f34a83cae09ef29011c9946d658f64e025059683a75cb9b91cf	69632	RABANOSRV_20170520_173407/LiveResponseData/CopiedFiles/eventlogs/Logs/Microsoft-Windows-MUI%4Admin.evtx
1bf2ea3d6b333c2d423c665a9668acc34bcd7b2e652e73ebb01410f3bbab25ba	69632	RABANOSRV_20170520_173407/LiveResponseData/CopiedFiles/eventlogs/Logs/Microsoft-Windows-MUI%4Operational.evtx
1cc55611e5b5e429487510c53461567fd2385c8bf798bc72af8b9de6b5c11662	69632	RABANOSRV_20170520_173407/LiveResponseData/CopiedFiles/eventlogs/Logs/Microsoft-Windows-MemoryDiagnostics-Results%4Debug.evtx
ca07324b778494c1c10fd1259072f9b329498f48f90bf5b18786b5697d8da617	69632	RABANOSRV_20170520_173407/LiveResponseData/CopiedFiles/eventlogs/Logs/Microsoft-Windows-NCSI%4Operational.evtx
f6f0f6740e8e91fbd20f05292bb01ee261cc889c604aa18ca29b35aa7b052ef8	69632	RABANOSRV_20170520_173407/LiveResponseData/CopiedFiles/eventlogs/Logs/Microsoft-Windows-NTLM%4Operational.evtx
154bcffac58263c725a6d3f029810dfe7056338cad445640c89c5be0ed357077	69632	RABANOSRV_20170520_173407/LiveResponseData/CopiedFiles/eventlogs/Logs/Microsoft-Windows-NetworkAccessProtection%4Operational.evtx
8ed728eb838ae1f810dc479daee5d8cc1210b6859674b2d4268dce34bddc2af1	69632	RABANOSRV_20170520_173407/LiveResponseData/CopiedFiles/eventlogs/Logs/Microsoft-Windows-NetworkAccessProtection%4WHC.evtx
b10b1db1bdb5f4ccb1fc49970443d927b44acf35c9de05f12aaaf1e8af3a1079	69632	RABANOSRV_20170520_173407/LiveResponseData/CopiedFiles/eventlogs/Logs/Microsoft-Windows-NetworkLocationWizard%4Operational.evtx
de85d3f9728db43dbc8bc784b9f77e19693a27b72b07593ebfaafee2bff1cf32	69632	RABANOSRV_20170520_173407/LiveResponseData/CopiedFiles/eventlogs/Logs/Microsoft-Windows-NetworkProfile%4Operational.evtx
3f3776d3954665ed10ff3835421a73bca7aef95615b60ef68f1b7db10cc4a665	69632	RABANOSRV_20170520_173407/LiveResponseData/CopiedFiles/eventlogs/Logs/Microsoft-Windows-NlaSvc%4Operational.evtx
711cef5ee14db39325b003f0efef5dc1e1e92148942335775ec0b80c099f3df2	69632	RABANOSRV_20170520_173407/LiveResponseData/CopiedFiles/eventlogs/Logs/Microsoft-Windows-PowerShell%4Operational.evtx
b92855b99ee1ea2408cd99da943f92b653b5afa05c0aa90ff3e714357e8dd084	69632	RABANOSRV_20170520_173407/LiveResponseData/CopiedFiles/eventlogs/Logs/Microsoft-Windows-PrintService%4Admin.evtx
d44933db291112a5439e2545e0974a0bffc9df1d1e506580a5acc9873b414073	69632	RABANOSRV_20170520_173407/LiveResponseData/CopiedFiles/eventlogs/Logs/Microsoft-Windows-ReliabilityAnalysisComponent%4Operational.evtx
c30996c0a94eaa38e730a8d003b1dd6d0499c035088ae01128b687d902ea3841	69632	RABANOSRV_20170520_173407/LiveResponseData/CopiedFiles/eventlogs/Logs/Microsoft-Windows-RemoteApp and Desktop Connections%4Admin.evtx
9b460545ad2881d173aca8ba9efd819d1a94dd390871826e62c8dbcc57d1fbbc	69632	RABANOSRV_20170520_173407/LiveResponseData/CopiedFiles/eventlogs/Logs/Microsoft-Windows-Resource-Exhaustion-Detector%4Operational.evtx
b995b4a313f509aac03bedae37c0ba20ab6be970ac823221a221c12f84642c84	69632	RABANOSRV_20170520_173407/LiveResponseData/CopiedFiles/eventlogs/Logs/Microsoft-Windows-RestartManager%4Operational.evtx
73fd2516b1cbed4355d8ce0c20ccfbefb67a59b514590bbc59ff5acc24050f6d	69632	RABANOSRV_20170520_173407/LiveResponseData/CopiedFiles/eventlogs/Logs/Microsoft-Windows-Security-Audit-Configuration-Client%4Operational.evtx
dbf2f6fe805af500407af9b1f70075855bff2efbae5167531ed8ec28af4acd43	69632	RABANOSRV_20170520_173407/LiveResponseData/CopiedFiles/eventlogs/Logs/Microsoft-Windows-Security-Configuration-Wizard%4Operational.evtx
56347acee7c35bf6fe332d54223a21a68423db133ca1f118e07e29f924cbe877	69632	RABANOSRV_20170520_173407/LiveResponseData/CopiedFiles/eventlogs/Logs/Microsoft-Windows-ServerManager%4Operational.evtx
941263f71936bb736cbd0c4457ee6461ff3fb9db8402d8e96c504c57fc6ec43f	69632	RABANOSRV_20170520_173407/LiveResponseData/CopiedFiles/eventlogs/Logs/Microsoft-Windows-TZUtil%4Operational.evtx
a5d1e63c956c88523a51766303faa988e2d10992d0a0b4741f701d761c210fa9	1118208	RABANOSRV_20170520_173407/LiveResponseData/CopiedFiles/eventlogs/Logs/Microsoft-Windows-TaskScheduler%4Operational.evtx
19e0229b2ad28b13cc7ae2c0de53f7f5ef77820e29053645f5acef41cb4bc410	69632	RABANOSRV_20170520_173407/LiveResponseData/CopiedFiles/eventlogs/Logs/Microsoft-Windows-TerminalServices-ClientUSBDevices%4Admin.evtx
e7a3cdde22e9aca9d19d6b5656d4e1c2c5fb136dfd38041aa2fb9635112a6987	69632	RABANOSRV_20170520_173407/LiveResponseData/CopiedFiles/eventlogs/Logs/Microsoft-Windows-TerminalServices-ClientUSBDevices%4Operational.evtx
b790c872a389511da32f190adf66f301283c86a7acbbbfcfe154c70858fae70d	69632	RABANOSRV_20170520_173407/LiveResponseData/CopiedFiles/eventlogs/Logs/Microsoft-Windows-TerminalServices-LocalSessionManager%4Admin.evtx
a14c089e7d696a76a3333b35dfd6b275859fd4e537c746f0ffadb5fbd5790308	69632	RABANOSRV_20170520_173407/LiveResponseData/CopiedFiles/eventlogs/Logs/Microsoft-Windows-TerminalServices-LocalSessionManager%4Operational.evtx
4ab4c9825f41b9718264fc06690bcd99881f9b9299086d8d649c145b74d94c78	69632	RABANOSRV_20170520_173407/LiveResponseData/CopiedFiles/eventlogs/Logs/Microsoft-Windows-TerminalServices-PnPDevices%4Admin.evtx
6548ff2724521393725d62632c9bd85f0cd9f2f8d3a6166ce35123af3de45a38	69632	RABANOSRV_20170520_173407/LiveResponseData/CopiedFiles/eventlogs/Logs/Microsoft-Windows-TerminalServices-PnPDevices%4Operational.evtx
eb3aa552c93180607472bebe2ab759545aebe9b71e94cf5d35c770f7a0dc7d4a	69632	RABANOSRV_20170520_173407/LiveResponseData/CopiedFiles/eventlogs/Logs/Microsoft-Windows-TerminalServices-RDPClient%4Operational.evtx
d385cc499ab349e13869f00c05b124b76040b762f5ce93fc209158141537b7f6	69632	RABANOSRV_20170520_173407/LiveResponseData/CopiedFiles/eventlogs/Logs/Microsoft-Windows-TerminalServices-RemoteConnectionManager%4Admin.evtx
b23351e21204b43fa64cbebe5711caea6ee73ba0d1058c128663e1e22a260e62	69632	RABANOSRV_20170520_173407/LiveResponseData/CopiedFiles/eventlogs/Logs/Microsoft-Windows-TerminalServices-RemoteConnectionManager%4Operational.evtx
4cd15a40a54df1f066ceb3751f5e1bc2a442b65e1204cee9b87efee90deae918	69632	RABANOSRV_20170520_173407/LiveResponseData/CopiedFiles/eventlogs/Logs/Microsoft-Windows-UAC%4Operational.evtx
835a9ddbf428a935693a16d3ca418ea797abea062a15c821f9ea5619669b5213	69632	RABANOSRV_20170520_173407/LiveResponseData/CopiedFiles/eventlogs/Logs/Microsoft-Windows-UAC-FileVirtualization%4Operational.evtx
bba9d695cf568d8543f7be495ca32e7ebfe9ceda63ea068cf3430f41ec1367b9	69632	RABANOSRV_20170520_173407/LiveResponseData/CopiedFiles/eventlogs/Logs/Microsoft-Windows-User Profile Service%4Operational.evtx
21d54a376e186d39786508a314dfa04e3d8b46de4771d9940335dde005ab93f8	69632	RABANOSRV_20170520_173407/LiveResponseData/CopiedFiles/eventlogs/Logs/Microsoft-Windows-VDRVROOT%4Operational.evtx
885a36b82596db83ee91dd7a63732d940d044e063e392c4b17d0413fe23c41b0	69632	RABANOSRV_20170520_173407/LiveResponseData/CopiedFiles/eventlogs/Logs/Microsoft-Windows-VHDMP%4Operational.evtx
e3e30edcfb96fc1949f2ad416f54488cfe2f4706520bc5361e05851f448e930a	69632	RABANOSRV_20170520_173407/LiveResponseData/CopiedFiles/eventlogs/Logs/Microsoft-Windows-WER-Diag%4Operational.evtx
9094e71bcaf337a9d7408b33fbbeb20e4e06afd807b55ed5066094971a8f1d75	69632	RABANOSRV_20170520_173407/LiveResponseData/CopiedFiles/eventlogs/Logs/Microsoft-Windows-WFP%4Operational.evtx
d6677d9feb18dde2f8ec4a7aff345907237a5d4e42ec9d62b0ca96a73d4cb4b7	69632	RABANOSRV_20170520_173407/LiveResponseData/CopiedFiles/eventlogs/Logs/Microsoft-Windows-WinRM%4Operational.evtx
b50f0042bf360326b07a236f58e881b82c971720b6cf79e8b464de3f5ba07e2b	69632	RABANOSRV_20170520_173407/LiveResponseData/CopiedFiles/eventlogs/Logs/Microsoft-Windows-Windows Firewall With Advanced Security%4ConnectionSecurity.evtx
a1f399070e078664f28d8943c869865e5a0ce93ce6459deea0c7fb1fda92dab4	1052672	RABANOSRV_20170520_173407/LiveResponseData/CopiedFiles/eventlogs/Logs/Microsoft-Windows-Windows Firewall With Advanced Security%4Firewall.evtx
d00a4124330dc4d52fdca3b765dbf6da1a20a88704aeb27e7e2f2f04ab6ffa25	1052672	RABANOSRV_20170520_173407/LiveResponseData/CopiedFiles/eventlogs/Logs/Microsoft-Windows-WindowsUpdateClient%4Operational.evtx
879778e64b2bb717e8cd11f2462eafca3e44d26f97080342a41dd5a5553b9ef5	69632	RABANOSRV_20170520_173407/LiveResponseData/CopiedFiles/eventlogs/Logs/Microsoft-Windows-Winlogon%4Operational.evtx
51791a87fb98edc83bc41453f92454cd235623a8dfef4ee6049e6b9bfd65d3c2	69632	RABANOSRV_20170520_173407/LiveResponseData/CopiedFiles/eventlogs/Logs/Microsoft-Windows-Winsock-WS2HELP%4Operational.evtx
8aac76235c8b884af018285dae0ee872e0382e7e258bd1aa8e28b38d66366e5d	69632	RABANOSRV_20170520_173407/LiveResponseData/CopiedFiles/eventlogs/Logs/Microsoft-Windows-Wired-AutoConfig%4Operational.evtx
e7fe0a1189995247ece8a880432cf4f1e7e09469a7ba87763aed2005bedf5dea	1118208	RABANOSRV_20170520_173407/LiveResponseData/CopiedFiles/eventlogs/Logs/Security.evtx
9a0d808ded735250580d101be75c4e971a52a1286a4e10806b8e1f0dfd6837c9	69632	RABANOSRV_20170520_173407/LiveResponseData/CopiedFiles/eventlogs/Logs/Setup.evtx
2918b174e6db1d03bccaa18f49e3b65780ae9a246a9e0af5e65a76d3e588c7ee	1118208	RABANOSRV_20170520_173407/LiveResponseData/CopiedFiles/eventlogs/Logs/System.evtx
fa02b09969d22ffaa97715f423d71575daa81567ec296a8341eeaab9b2a7a1ff	69632	RABANOSRV_20170520_173407/LiveResponseData/CopiedFiles/eventlogs/Logs/ThinPrint Diagnostics.evtx
368f221d9a76d78e70b9c6e9a56932d4df16a76ed4b4115d3edd8de19d552dda	69632	RABANOSRV_20170520_173407/LiveResponseData/CopiedFiles/eventlogs/Logs/Windows PowerShell.evtx
2d6120e2827643d434e5c7a8e0fe7076e5b308affeaf6477f7909650591e9706	69632	RABANOSRV_20170520_173407/LiveResponseData/CopiedFiles/eventlogs/Logs/microsoft-windows-RemoteDesktopServices-RemoteDesktopSessionManager%4Admin.evtx
787d8c1cd4b52b9a9809ffab2af18fd6ffadf67035fac50ea168dc3f4273fd32	26800	RABANOSRV_20170520_173407/LiveResponseData/CopiedFiles/forecopy_handy.log
2d6bdfb341be3a6234b24742377f93aa7c7cfb0d9fd64efa9282c87852e57085	824	RABANOSRV_20170520_173407/LiveResponseData/CopiedFiles/hosts/hosts
075e83383d740f4066d52c2c5ab8f3f02b8c2cc61e5db07e7ea6ed2972c99362	67108864	RABANOSRV_20170520_173407/LiveResponseData/CopiedFiles/logfile/$LogFile
7d04e4dab1076943f547d512749c77beb0056934918692851aad97f32d09b052	78643200	RABANOSRV_20170520_173407/LiveResponseData/CopiedFiles/mft/$MFT
88f4cef972b97a944d3027ead2958488ff0c37d00c79c0eff3e17162d5b31079	1806	RABANOSRV_20170520_173407/LiveResponseData/CopiedFiles/recentfilecache/RecentFileCache.bcf
92c21e56d59844072a1ed6ec1e3d1d4d0a5c9be9d297d3d2037c681709e84484	31719424	RABANOSRV_20170520_173407/LiveResponseData/CopiedFiles/registry/COMPONENTS
02220bb1d2ef20eaee79145172ea0fbd8a7b148a0c91605ccc27f79217be25fb	262144	RABANOSRV_20170520_173407/LiveResponseData/CopiedFiles/registry/DEFAULT
aa46d829b3a27712fc35d6b59551c136d8f9aa63e49ea5b762ed9fdac72b5c33	262144	RABANOSRV_20170520_173407/LiveResponseData/CopiedFiles/registry/Default User_NTUSER.DAT
aa46d829b3a27712fc35d6b59551c136d8f9aa63e49ea5b762ed9fdac72b5c33	262144	RABANOSRV_20170520_173407/LiveResponseData/CopiedFiles/registry/Default_NTUSER.DAT
b81f9968a0782297b13d6d35131b7762f838ead7cf84be8a922b1ad7e17cc5df	262144	RABANOSRV_20170520_173407/LiveResponseData/CopiedFiles/registry/SAM
a3001c0034f7ecea167be1e087d1996f35fb5771e003c81cdaa7dfb1f299ef7c	262144	RABANOSRV_20170520_173407/LiveResponseData/CopiedFiles/registry/SECURITY
23977ae13a1744fefd7678398a68bd3b015a08f9fd4cc8afc8045645105f7913	37486592	RABANOSRV_20170520_173407/LiveResponseData/CopiedFiles/registry/SOFTWARE
ca2c376458122a976872c446464d9b1ae49ecd3104fc52573a75c92a9c13abbd	12058624	RABANOSRV_20170520_173407/LiveResponseData/CopiedFiles/registry/SYSTEM
d3ed51620645c17969c33fe73601489ae252d25359a3909153b55700c4aa72ab	524288	RABANOSRV_20170520_173407/LiveResponseData/CopiedFiles/registry/antonio_NTUSER.DAT
49b7b3096213567e53ac8290b3e92dd1e2736ec58bfa458deb43f93c65b51425	524288	RABANOSRV_20170520_173407/LiveResponseData/CopiedFiles/registry/antonio_USRCLASS.DAT
5187e267779fcefcec7b386eae02feec8d61b484b0b476cc5391cce2c5fe38c8	262144	RABANOSRV_20170520_173407/LiveResponseData/CopiedFiles/registry/patata_NTUSER.DAT
577a6b2d7089c398698233d058d62bafb4c875fc099d02e73878fa77c7f60e4e	262144	RABANOSRV_20170520_173407/LiveResponseData/CopiedFiles/registry/patata_USRCLASS.DAT
86ecd25a66c769cfd7e98f5536dfb35bd783b9c791a011b68a3ea3933e631be4	524288	RABANOSRV_20170520_173407/LiveResponseData/CopiedFiles/registry/rabano_NTUSER.DAT
edacbb40dd4d9fdd3c9a6f099a38e03e5027218787335b8597eb57d6bdad1e29	262144	RABANOSRV_20170520_173407/LiveResponseData/CopiedFiles/registry/rabano_USRCLASS.DAT
038976d07f923a7aec7fcdfcc9b3aa12e565d147f3fb479393e006a9f84a1b89	1184000	RABANOSRV_20170520_173407/LiveResponseData/CopiedFiles/usnjrnl/$UsnJrnl_$J.bin
56d866428fd7e27b76e6e7cf560a187bd5c8d77263aa533900a6171b0cdd38c3	1322	RABANOSRV_20170520_173407/LiveResponseData/NetworkInfo/Gateway_ARP_Lookup.txt
5691721341c5780d2bfadcd4c1847d0df60db260154acac43d5870350d149cf8	97	RABANOSRV_20170520_173407/LiveResponseData/NetworkInfo/NetBIOS_sessions.txt
ab3994991473d99d61d8f9ff8413dbe1424020029e810515d5c1613c20976146	3412	RABANOSRV_20170520_173407/LiveResponseData/NetworkInfo/TCPView.txt
e56cba56a568c720447ea94caf7d38774db162e59714d9c6623603d3aa3cc983	28503	RABANOSRV_20170520_173407/LiveResponseData/NetworkInfo/cports.html
fa50d700fdd04154e9589e825c79d7c27dc78a908199087a43a58ac7fb482bef	100	RABANOSRV_20170520_173407/LiveResponseData/NetworkInfo/nbtstat.txt
d99bf07d3089c116146005427255fbce694b41cc30fcc2f50221c9f2efd2e806	2577	RABANOSRV_20170520_173407/LiveResponseData/NetworkInfo/netstat_anb_results.txt
f96785c560f58b38aaae0808e5adc37c4920cab1cd85cb7427cae65d2baa5c7b	10514	RABANOSRV_20170520_173407/LiveResponseData/PersistenceMechanisms/Driver_group_load_order_wmic.txt
caf12fc6cb3516be7c869f10562cc4c7a05d7184b0252c8845d254ec7ce14898	46658	RABANOSRV_20170520_173407/LiveResponseData/PersistenceMechanisms/Loaded_dlls.txt
8bb658520b8ca6fa4013d1608d02cf13e9cc60ea67994865b53eb648cd4d7d56	454	RABANOSRV_20170520_173407/LiveResponseData/PersistenceMechanisms/Startup_wmic.txt
6e4e79e6c54db13238a4a5b905516f0209708eba6105ba00bebc68bbeee8010c	87826	RABANOSRV_20170520_173407/LiveResponseData/PersistenceMechanisms/autorunsc.csv
ff18c86446067606fe1876822f271b78fc339e2be84dd743550f5d944a08e869	81256	RABANOSRV_20170520_173407/LiveResponseData/PersistenceMechanisms/autorunsc.txt
180512c7c4940bedef26f069e7ee0e324c22ebc0795f78190eea1e4ec9f2eea8	77599	RABANOSRV_20170520_173407/LiveResponseData/PersistenceMechanisms/scheduled_tasks.txt
c8862106c00084c93591ecef163c06e324a77dcde675d686ee35c95c486e6024	3809	RABANOSRV_20170520_173407/LiveResponseData/PersistenceMechanisms/services_aw_processes.txt
7d49d587ae92c6ad21337a28742d96b2da9db807f7a983a819d214a61f58ebdf	2462	RABANOSRV_20170520_173407/LiveResponseData/UserInfo/All_logons_wmic.txt
b8353bd7a6ea67c03bf9b115e4d1ad47753011fd1120d881d10c45b77cd2b975	19	RABANOSRV_20170520_173407/LiveResponseData/UserInfo/whoami.txt
65524b4802431d73608f5a28363b7be132eef91d73e4512a31057c35615f5fad	61529	RABANOSRV_20170520_173407/RABANOSRV_20170520_173407_File_Hashes.txt
47552dd3d616963a8cc872363c2adca9199cfd090ad63cab4684cfcb209f1b60	19193	RABANOSRV_20170520_173407/RABANOSRV_20170520_173407_Processing_Details.txt
